"","time","treatment","subject","rep","criterion","rating"
"1",1,1,3,1,"potato",2.9
"2",1,1,3,1,"buttery",0
"3",1,1,3,1,"grassy",0
"4",1,1,3,1,"rancid",0
"5",1,1,3,1,"painty",5.5
"6",1,1,3,2,"potato",14
"7",1,1,3,2,"buttery",0
"8",1,1,3,2,"grassy",0
"9",1,1,3,2,"rancid",1.1
"10",1,1,3,2,"painty",0
"11",1,1,10,1,"potato",11
"12",1,1,10,1,"buttery",6.4
"13",1,1,10,1,"grassy",0
"14",1,1,10,1,"rancid",0
"15",1,1,10,1,"painty",0
"16",1,1,10,2,"potato",9.9
"17",1,1,10,2,"buttery",5.9
"18",1,1,10,2,"grassy",2.9
"19",1,1,10,2,"rancid",2.2
"20",1,1,10,2,"painty",0
"21",1,1,15,1,"potato",1.2
"22",1,1,15,1,"buttery",0.1
"23",1,1,15,1,"grassy",0
"24",1,1,15,1,"rancid",1.1
"25",1,1,15,1,"painty",5.1
"26",1,1,15,2,"potato",8.8
"27",1,1,15,2,"buttery",3
"28",1,1,15,2,"grassy",3.6
"29",1,1,15,2,"rancid",1.5
"30",1,1,15,2,"painty",2.3
"31",1,1,16,1,"potato",9
"32",1,1,16,1,"buttery",2.6
"33",1,1,16,1,"grassy",0.4
"34",1,1,16,1,"rancid",0.1
"35",1,1,16,1,"painty",0.2
"36",1,1,16,2,"potato",8.2
"37",1,1,16,2,"buttery",4.4
"38",1,1,16,2,"grassy",0.3
"39",1,1,16,2,"rancid",1.4
"40",1,1,16,2,"painty",4
"41",1,1,19,1,"potato",7
"42",1,1,19,1,"buttery",3.2
"43",1,1,19,1,"grassy",0
"44",1,1,19,1,"rancid",4.9
"45",1,1,19,1,"painty",3.2
"46",1,1,19,2,"potato",13
"47",1,1,19,2,"buttery",0
"48",1,1,19,2,"grassy",3.1
"49",1,1,19,2,"rancid",4.3
"50",1,1,19,2,"painty",10.3
"51",1,1,31,1,"potato",12.2
"52",1,1,31,1,"buttery",0
"53",1,1,31,1,"grassy",0
"54",1,1,31,1,"rancid",2.5
"55",1,1,31,1,"painty",2
"56",1,1,31,2,"potato",12.8
"57",1,1,31,2,"buttery",2.5
"58",1,1,31,2,"grassy",0
"59",1,1,31,2,"rancid",5.6
"60",1,1,31,2,"painty",0
"61",1,1,51,1,"potato",8.6
"62",1,1,51,1,"buttery",1.7
"63",1,1,51,1,"grassy",0.1
"64",1,1,51,1,"rancid",1.4
"65",1,1,51,1,"painty",0.1
"66",1,1,51,2,"potato",10.2
"67",1,1,51,2,"buttery",4.2
"68",1,1,51,2,"grassy",3.6
"69",1,1,51,2,"rancid",3.3
"70",1,1,51,2,"painty",4
"71",1,1,52,1,"potato",5.8
"72",1,1,52,1,"buttery",0
"73",1,1,52,1,"grassy",1.7
"74",1,1,52,1,"rancid",8.5
"75",1,1,52,1,"painty",1.1
"76",1,1,52,2,"potato",7
"77",1,1,52,2,"buttery",3.1
"78",1,1,52,2,"grassy",0.3
"79",1,1,52,2,"rancid",2.8
"80",1,1,52,2,"painty",0.5
"81",1,1,63,1,"potato",8.3
"82",1,1,63,1,"buttery",0
"83",1,1,63,1,"grassy",0
"84",1,1,63,1,"rancid",1.1
"85",1,1,63,1,"painty",0.4
"86",1,1,63,2,"potato",2.9
"87",1,1,63,2,"buttery",0
"88",1,1,63,2,"grassy",0
"89",1,1,63,2,"rancid",12.9
"90",1,1,63,2,"painty",3.4
"91",1,1,78,1,"potato",4.9
"92",1,1,78,1,"buttery",1.2
"93",1,1,78,1,"grassy",0
"94",1,1,78,1,"rancid",1.1
"95",1,1,78,1,"painty",3.5
"96",1,1,78,2,"potato",8.8
"97",1,1,78,2,"buttery",0.6
"98",1,1,78,2,"grassy",3
"99",1,1,78,2,"rancid",0.5
"100",1,1,78,2,"painty",1.1
"101",1,1,79,1,"potato",5.1
"102",1,1,79,1,"buttery",0
"103",1,1,79,1,"grassy",0
"104",1,1,79,1,"rancid",2
"105",1,1,79,1,"painty",0
"106",1,1,79,2,"potato",10.4
"107",1,1,79,2,"buttery",0.4
"108",1,1,79,2,"grassy",0
"109",1,1,79,2,"rancid",0
"110",1,1,79,2,"painty",0
"111",1,1,86,1,"potato",5.2
"112",1,1,86,1,"buttery",1.2
"113",1,1,86,1,"grassy",0
"114",1,1,86,1,"rancid",7.9
"115",1,1,86,1,"painty",4.9
"116",1,1,86,2,"potato",3
"117",1,1,86,2,"buttery",2.6
"118",1,1,86,2,"grassy",2.7
"119",1,1,86,2,"rancid",0
"120",1,1,86,2,"painty",0
"121",1,2,3,1,"potato",13.9
"122",1,2,3,1,"buttery",0
"123",1,2,3,1,"grassy",0
"124",1,2,3,1,"rancid",3.9
"125",1,2,3,1,"painty",0
"126",1,2,3,2,"potato",13.4
"127",1,2,3,2,"buttery",0.1
"128",1,2,3,2,"grassy",0
"129",1,2,3,2,"rancid",1.5
"130",1,2,3,2,"painty",0
"131",1,2,10,1,"potato",9.3
"132",1,2,10,1,"buttery",5.2
"133",1,2,10,1,"grassy",3.3
"134",1,2,10,1,"rancid",0
"135",1,2,10,1,"painty",0
"136",1,2,10,2,"potato",11
"137",1,2,10,2,"buttery",10.1
"138",1,2,10,2,"grassy",2.5
"139",1,2,10,2,"rancid",0
"140",1,2,10,2,"painty",0
"141",1,2,15,1,"potato",9
"142",1,2,15,1,"buttery",3.6
"143",1,2,15,1,"grassy",0.3
"144",1,2,15,1,"rancid",2
"145",1,2,15,1,"painty",0.3
"146",1,2,15,2,"potato",7
"147",1,2,15,2,"buttery",2.7
"148",1,2,15,2,"grassy",2.7
"149",1,2,15,2,"rancid",1.9
"150",1,2,15,2,"painty",1
"151",1,2,16,1,"potato",4.6
"152",1,2,16,1,"buttery",3.5
"153",1,2,16,1,"grassy",0.8
"154",1,2,16,1,"rancid",0.2
"155",1,2,16,1,"painty",0.1
"156",1,2,16,2,"potato",5
"157",1,2,16,2,"buttery",0.6
"158",1,2,16,2,"grassy",0.2
"159",1,2,16,2,"rancid",0.4
"160",1,2,16,2,"painty",0
"161",1,2,19,1,"potato",9.5
"162",1,2,19,1,"buttery",2.5
"163",1,2,19,1,"grassy",1.3
"164",1,2,19,1,"rancid",0
"165",1,2,19,1,"painty",0
"166",1,2,19,2,"potato",11.3
"167",1,2,19,2,"buttery",1.1
"168",1,2,19,2,"grassy",0
"169",1,2,19,2,"rancid",2.5
"170",1,2,19,2,"painty",0
"171",1,2,31,1,"potato",10.6
"172",1,2,31,1,"buttery",0.7
"173",1,2,31,1,"grassy",0
"174",1,2,31,1,"rancid",7
"175",1,2,31,1,"painty",2.2
"176",1,2,31,2,"potato",11.4
"177",1,2,31,2,"buttery",3.2
"178",1,2,31,2,"grassy",0
"179",1,2,31,2,"rancid",0.8
"180",1,2,31,2,"painty",3.5
"181",1,2,51,1,"potato",11.7
"182",1,2,51,1,"buttery",4.1
"183",1,2,51,1,"grassy",4.3
"184",1,2,51,1,"rancid",3.3
"185",1,2,51,1,"painty",3.9
"186",1,2,51,2,"potato",8.5
"187",1,2,51,2,"buttery",1.8
"188",1,2,51,2,"grassy",2.5
"189",1,2,51,2,"rancid",11.8
"190",1,2,51,2,"painty",3.5
"191",1,2,52,1,"potato",10.4
"192",1,2,52,1,"buttery",4.4
"193",1,2,52,1,"grassy",0
"194",1,2,52,1,"rancid",0
"195",1,2,52,1,"painty",0
"196",1,2,52,2,"potato",7.1
"197",1,2,52,2,"buttery",1.1
"198",1,2,52,2,"grassy",0.4
"199",1,2,52,2,"rancid",1.7
"200",1,2,52,2,"painty",0
"201",1,2,63,1,"potato",13.1
"202",1,2,63,1,"buttery",0.3
"203",1,2,63,1,"grassy",0
"204",1,2,63,1,"rancid",0
"205",1,2,63,1,"painty",0
"206",1,2,63,2,"potato",7.7
"207",1,2,63,2,"buttery",0
"208",1,2,63,2,"grassy",0
"209",1,2,63,2,"rancid",0.2
"210",1,2,63,2,"painty",0
"211",1,2,78,1,"potato",9.1
"212",1,2,78,1,"buttery",0.7
"213",1,2,78,1,"grassy",1.2
"214",1,2,78,1,"rancid",2
"215",1,2,78,1,"painty",4.1
"216",1,2,78,2,"potato",4.3
"217",1,2,78,2,"buttery",0.1
"218",1,2,78,2,"grassy",3.8
"219",1,2,78,2,"rancid",0.9
"220",1,2,78,2,"painty",0.8
"221",1,2,79,1,"potato",8.3
"222",1,2,79,1,"buttery",0.8
"223",1,2,79,1,"grassy",0.6
"224",1,2,79,1,"rancid",0
"225",1,2,79,1,"painty",0
"226",1,2,79,2,"potato",5.1
"227",1,2,79,2,"buttery",4.5
"228",1,2,79,2,"grassy",0
"229",1,2,79,2,"rancid",1.1
"230",1,2,79,2,"painty",0
"231",1,2,86,1,"potato",6.1
"232",1,2,86,1,"buttery",4.4
"233",1,2,86,1,"grassy",0
"234",1,2,86,1,"rancid",0
"235",1,2,86,1,"painty",0
"236",1,2,86,2,"potato",3.2
"237",1,2,86,2,"buttery",4.3
"238",1,2,86,2,"grassy",0
"239",1,2,86,2,"rancid",0
"240",1,2,86,2,"painty",0
"241",1,3,3,1,"potato",14.1
"242",1,3,3,1,"buttery",0
"243",1,3,3,1,"grassy",0
"244",1,3,3,1,"rancid",1.1
"245",1,3,3,1,"painty",0
"246",1,3,3,2,"potato",9.5
"247",1,3,3,2,"buttery",0
"248",1,3,3,2,"grassy",0.6
"249",1,3,3,2,"rancid",2.8
"250",1,3,3,2,"painty",0
"251",1,3,10,1,"potato",11.3
"252",1,3,10,1,"buttery",10.2
"253",1,3,10,1,"grassy",0
"254",1,3,10,1,"rancid",0
"255",1,3,10,1,"painty",0
"256",1,3,10,2,"potato",10.1
"257",1,3,10,2,"buttery",5
"258",1,3,10,2,"grassy",0.8
"259",1,3,10,2,"rancid",0
"260",1,3,10,2,"painty",0
"261",1,3,15,1,"potato",5.8
"262",1,3,15,1,"buttery",1
"263",1,3,15,1,"grassy",0.5
"264",1,3,15,1,"rancid",2.8
"265",1,3,15,1,"painty",0.6
"266",1,3,15,2,"potato",8
"267",1,3,15,2,"buttery",3.6
"268",1,3,15,2,"grassy",0.5
"269",1,3,15,2,"rancid",0.8
"270",1,3,15,2,"painty",0.6
"271",1,3,16,1,"potato",7.8
"272",1,3,16,1,"buttery",0.2
"273",1,3,16,1,"grassy",0.6
"274",1,3,16,1,"rancid",1.4
"275",1,3,16,1,"painty",0
"276",1,3,16,2,"potato",5.2
"277",1,3,16,2,"buttery",1.1
"278",1,3,16,2,"grassy",0.5
"279",1,3,16,2,"rancid",3.6
"280",1,3,16,2,"painty",0.6
"281",1,3,19,1,"potato",7.2
"282",1,3,19,1,"buttery",3.4
"283",1,3,19,1,"grassy",5.2
"284",1,3,19,1,"rancid",4.4
"285",1,3,19,1,"painty",0
"286",1,3,19,2,"potato",11.1
"287",1,3,19,2,"buttery",2.8
"288",1,3,19,2,"grassy",0
"289",1,3,19,2,"rancid",13.2
"290",1,3,19,2,"painty",3
"291",1,3,31,1,"potato",7.1
"292",1,3,31,1,"buttery",0.7
"293",1,3,31,1,"grassy",0.3
"294",1,3,31,1,"rancid",6.6
"295",1,3,31,1,"painty",9.2
"296",1,3,31,2,"potato",12.5
"297",1,3,31,2,"buttery",3.7
"298",1,3,31,2,"grassy",0
"299",1,3,31,2,"rancid",8.1
"300",1,3,31,2,"painty",9.2
"301",1,3,51,1,"potato",13.6
"302",1,3,51,1,"buttery",1.4
"303",1,3,51,1,"grassy",0
"304",1,3,51,1,"rancid",2.1
"305",1,3,51,1,"painty",0
"306",1,3,51,2,"potato",8.5
"307",1,3,51,2,"buttery",4.7
"308",1,3,51,2,"grassy",2
"309",1,3,51,2,"rancid",6
"310",1,3,51,2,"painty",6.1
"311",1,3,52,1,"potato",10.6
"312",1,3,52,1,"buttery",2
"313",1,3,52,1,"grassy",0
"314",1,3,52,1,"rancid",1.2
"315",1,3,52,1,"painty",0
"316",1,3,52,2,"potato",10.3
"317",1,3,52,2,"buttery",4.7
"318",1,3,52,2,"grassy",0
"319",1,3,52,2,"rancid",0
"320",1,3,52,2,"painty",0
"321",1,3,63,1,"potato",8.6
"322",1,3,63,1,"buttery",0.4
"323",1,3,63,1,"grassy",1.9
"324",1,3,63,1,"rancid",0
"325",1,3,63,1,"painty",0
"326",1,3,63,2,"potato",10.3
"327",1,3,63,2,"buttery",0
"328",1,3,63,2,"grassy",0
"329",1,3,63,2,"rancid",0.4
"330",1,3,63,2,"painty",0
"331",1,3,78,1,"potato",7.4
"332",1,3,78,1,"buttery",1.6
"333",1,3,78,1,"grassy",0
"334",1,3,78,1,"rancid",3.6
"335",1,3,78,1,"painty",9.3
"336",1,3,78,2,"potato",5
"337",1,3,78,2,"buttery",0.1
"338",1,3,78,2,"grassy",3.7
"339",1,3,78,2,"rancid",2.5
"340",1,3,78,2,"painty",8.9
"341",1,3,79,1,"potato",8.8
"342",1,3,79,1,"buttery",0
"343",1,3,79,1,"grassy",1.6
"344",1,3,79,1,"rancid",0.9
"345",1,3,79,1,"painty",0
"346",1,3,79,2,"potato",8.3
"347",1,3,79,2,"buttery",0
"348",1,3,79,2,"grassy",0
"349",1,3,79,2,"rancid",0.9
"350",1,3,79,2,"painty",0
"351",1,3,86,1,"potato",6.7
"352",1,3,86,1,"buttery",4.5
"353",1,3,86,1,"grassy",1.5
"354",1,3,86,1,"rancid",0
"355",1,3,86,1,"painty",0
"356",1,3,86,2,"potato",7.9
"357",1,3,86,2,"buttery",7
"358",1,3,86,2,"grassy",2.5
"359",1,3,86,2,"rancid",0
"360",1,3,86,2,"painty",0
"361",2,1,3,1,"potato",9
"362",2,1,3,1,"buttery",0.3
"363",2,1,3,1,"grassy",0.1
"364",2,1,3,1,"rancid",5.8
"365",2,1,3,1,"painty",0.3
"366",2,1,3,2,"potato",5.5
"367",2,1,3,2,"buttery",0.5
"368",2,1,3,2,"grassy",2
"369",2,1,3,2,"rancid",8.6
"370",2,1,3,2,"painty",0
"371",2,1,10,1,"potato",8
"372",2,1,10,1,"buttery",3.1
"373",2,1,10,1,"grassy",3.1
"374",2,1,10,1,"rancid",6.2
"375",2,1,10,1,"painty",1.7
"376",2,1,10,2,"potato",10.2
"377",2,1,10,2,"buttery",8.4
"378",2,1,10,2,"grassy",0
"379",2,1,10,2,"rancid",0
"380",2,1,10,2,"painty",0
"381",2,1,15,1,"potato",5.3
"382",2,1,15,1,"buttery",1.4
"383",2,1,15,1,"grassy",0.1
"384",2,1,15,1,"rancid",3.9
"385",2,1,15,1,"painty",6.5
"386",2,1,15,2,"potato",7.3
"387",2,1,15,2,"buttery",2.3
"388",2,1,15,2,"grassy",0.5
"389",2,1,15,2,"rancid",3.3
"390",2,1,15,2,"painty",0.5
"391",2,1,16,1,"potato",4.1
"392",2,1,16,1,"buttery",5.1
"393",2,1,16,1,"grassy",0
"394",2,1,16,1,"rancid",2.8
"395",2,1,16,1,"painty",0
"396",2,1,16,2,"potato",11
"397",2,1,16,2,"buttery",3.8
"398",2,1,16,2,"grassy",0.7
"399",2,1,16,2,"rancid",2
"400",2,1,16,2,"painty",0.4
"401",2,1,19,1,"potato",8.7
"402",2,1,19,1,"buttery",0
"403",2,1,19,1,"grassy",0
"404",2,1,19,1,"rancid",12.8
"405",2,1,19,1,"painty",11.3
"406",2,1,19,2,"potato",11
"407",2,1,19,2,"buttery",7.5
"408",2,1,19,2,"grassy",0
"409",2,1,19,2,"rancid",0
"410",2,1,19,2,"painty",0
"411",2,1,31,1,"potato",9.7
"412",2,1,31,1,"buttery",3.3
"413",2,1,31,1,"grassy",0
"414",2,1,31,1,"rancid",12.1
"415",2,1,31,1,"painty",1.1
"416",2,1,31,2,"potato",4.1
"417",2,1,31,2,"buttery",0
"418",2,1,31,2,"grassy",1.2
"419",2,1,31,2,"rancid",11.9
"420",2,1,31,2,"painty",7.6
"421",2,1,51,1,"potato",9.4
"422",2,1,51,1,"buttery",6.7
"423",2,1,51,1,"grassy",1.5
"424",2,1,51,1,"rancid",11.1
"425",2,1,51,1,"painty",2.8
"426",2,1,51,2,"potato",14.3
"427",2,1,51,2,"buttery",1.9
"428",2,1,51,2,"grassy",0.1
"429",2,1,51,2,"rancid",1.1
"430",2,1,51,2,"painty",0
"431",2,1,52,1,"potato",6.5
"432",2,1,52,1,"buttery",1.6
"433",2,1,52,1,"grassy",2.8
"434",2,1,52,1,"rancid",1.1
"435",2,1,52,1,"painty",0
"436",2,1,52,2,"potato",8.2
"437",2,1,52,2,"buttery",1
"438",2,1,52,2,"grassy",2.1
"439",2,1,52,2,"rancid",1
"440",2,1,52,2,"painty",0
"441",2,1,63,1,"potato",8.9
"442",2,1,63,1,"buttery",0
"443",2,1,63,1,"grassy",0
"444",2,1,63,1,"rancid",2.3
"445",2,1,63,1,"painty",0
"446",2,1,63,2,"potato",8.7
"447",2,1,63,2,"buttery",0
"448",2,1,63,2,"grassy",0
"449",2,1,63,2,"rancid",1.1
"450",2,1,63,2,"painty",0
"451",2,1,78,1,"potato",3.3
"452",2,1,78,1,"buttery",0
"453",2,1,78,1,"grassy",1.3
"454",2,1,78,1,"rancid",0
"455",2,1,78,1,"painty",6.3
"456",2,1,78,2,"potato",4.5
"457",2,1,78,2,"buttery",1.7
"458",2,1,78,2,"grassy",0.5
"459",2,1,78,2,"rancid",6
"460",2,1,78,2,"painty",8.9
"461",2,1,79,1,"potato",5.9
"462",2,1,79,1,"buttery",0
"463",2,1,79,1,"grassy",2.3
"464",2,1,79,1,"rancid",0.5
"465",2,1,79,1,"painty",0
"466",2,1,79,2,"potato",6
"467",2,1,79,2,"buttery",0
"468",2,1,79,2,"grassy",2.8
"469",2,1,79,2,"rancid",0
"470",2,1,79,2,"painty",0
"471",2,1,86,1,"potato",6.7
"472",2,1,86,1,"buttery",6
"473",2,1,86,1,"grassy",0
"474",2,1,86,1,"rancid",0
"475",2,1,86,1,"painty",0
"476",2,1,86,2,"potato",5.9
"477",2,1,86,2,"buttery",6
"478",2,1,86,2,"grassy",3
"479",2,1,86,2,"rancid",0
"480",2,1,86,2,"painty",0
"481",2,2,3,1,"potato",14.1
"482",2,2,3,1,"buttery",0.9
"483",2,2,3,1,"grassy",0.3
"484",2,2,3,1,"rancid",2.1
"485",2,2,3,1,"painty",0
"486",2,2,3,2,"potato",3.3
"487",2,2,3,2,"buttery",0.7
"488",2,2,3,2,"grassy",1.6
"489",2,2,3,2,"rancid",0
"490",2,2,3,2,"painty",1
"491",2,2,10,1,"potato",11.2
"492",2,2,10,1,"buttery",7.6
"493",2,2,10,1,"grassy",1.6
"494",2,2,10,1,"rancid",0
"495",2,2,10,1,"painty",0
"496",2,2,10,2,"potato",8.2
"497",2,2,10,2,"buttery",6.8
"498",2,2,10,2,"grassy",0
"499",2,2,10,2,"rancid",0
"500",2,2,10,2,"painty",0
"501",2,2,15,1,"potato",12.7
"502",2,2,15,1,"buttery",5.6
"503",2,2,15,1,"grassy",0.7
"504",2,2,15,1,"rancid",0.2
"505",2,2,15,1,"painty",0
"506",2,2,15,2,"potato",3.9
"507",2,2,15,2,"buttery",2.7
"508",2,2,15,2,"grassy",0.4
"509",2,2,15,2,"rancid",3.1
"510",2,2,15,2,"painty",0.6
"511",2,2,16,1,"potato",5.4
"512",2,2,16,1,"buttery",4.8
"513",2,2,16,1,"grassy",0.7
"514",2,2,16,1,"rancid",3
"515",2,2,16,1,"painty",0
"516",2,2,16,2,"potato",2.6
"517",2,2,16,2,"buttery",0.7
"518",2,2,16,2,"grassy",0.7
"519",2,2,16,2,"rancid",0.1
"520",2,2,16,2,"painty",0
"521",2,2,19,1,"potato",11.2
"522",2,2,19,1,"buttery",10
"523",2,2,19,1,"grassy",1.9
"524",2,2,19,1,"rancid",6.5
"525",2,2,19,1,"painty",0
"526",2,2,19,2,"potato",4.3
"527",2,2,19,2,"buttery",3.7
"528",2,2,19,2,"grassy",2.7
"529",2,2,19,2,"rancid",2
"530",2,2,19,2,"painty",0
"531",2,2,31,1,"potato",10.6
"532",2,2,31,1,"buttery",1.4
"533",2,2,31,1,"grassy",0
"534",2,2,31,1,"rancid",1.3
"535",2,2,31,1,"painty",0
"536",2,2,31,2,"potato",6.6
"537",2,2,31,2,"buttery",0.4
"538",2,2,31,2,"grassy",0
"539",2,2,31,2,"rancid",10.6
"540",2,2,31,2,"painty",3.6
"541",2,2,51,1,"potato",9.2
"542",2,2,51,1,"buttery",3.4
"543",2,2,51,1,"grassy",1.2
"544",2,2,51,1,"rancid",5.7
"545",2,2,51,1,"painty",5.4
"546",2,2,51,2,"potato",11.6
"547",2,2,51,2,"buttery",4.6
"548",2,2,51,2,"grassy",0
"549",2,2,51,2,"rancid",10
"550",2,2,51,2,"painty",0.1
"551",2,2,52,1,"potato",9.7
"552",2,2,52,1,"buttery",3.6
"553",2,2,52,1,"grassy",0.4
"554",2,2,52,1,"rancid",0
"555",2,2,52,1,"painty",0
"556",2,2,52,2,"potato",10.2
"557",2,2,52,2,"buttery",3.5
"558",2,2,52,2,"grassy",0
"559",2,2,52,2,"rancid",0
"560",2,2,52,2,"painty",0
"561",2,2,63,1,"potato",12.2
"562",2,2,63,1,"buttery",0
"563",2,2,63,1,"grassy",0
"564",2,2,63,1,"rancid",0
"565",2,2,63,1,"painty",0
"566",2,2,63,2,"potato",10.7
"567",2,2,63,2,"buttery",0
"568",2,2,63,2,"grassy",0.2
"569",2,2,63,2,"rancid",0
"570",2,2,63,2,"painty",0
"571",2,2,78,1,"potato",6.7
"572",2,2,78,1,"buttery",0
"573",2,2,78,1,"grassy",5.1
"574",2,2,78,1,"rancid",3.8
"575",2,2,78,1,"painty",2.1
"576",2,2,78,2,"potato",7
"577",2,2,78,2,"buttery",0
"578",2,2,78,2,"grassy",1.3
"579",2,2,78,2,"rancid",0.6
"580",2,2,78,2,"painty",3.1
"581",2,2,79,1,"potato",10.9
"582",2,2,79,1,"buttery",3.2
"583",2,2,79,1,"grassy",2.1
"584",2,2,79,1,"rancid",1
"585",2,2,79,1,"painty",0
"586",2,2,79,2,"potato",10.4
"587",2,2,79,2,"buttery",1.1
"588",2,2,79,2,"grassy",0.5
"589",2,2,79,2,"rancid",1.4
"590",2,2,79,2,"painty",0
"591",2,2,86,1,"potato",3.9
"592",2,2,86,1,"buttery",7.9
"593",2,2,86,1,"grassy",1.4
"594",2,2,86,1,"rancid",0
"595",2,2,86,1,"painty",0
"596",2,2,86,2,"potato",8.3
"597",2,2,86,2,"buttery",2.4
"598",2,2,86,2,"grassy",0
"599",2,2,86,2,"rancid",0
"600",2,2,86,2,"painty",0
"601",2,3,3,1,"potato",6.5
"602",2,3,3,1,"buttery",0.6
"603",2,3,3,1,"grassy",0.7
"604",2,3,3,1,"rancid",0.1
"605",2,3,3,1,"painty",1.4
"606",2,3,3,2,"potato",13.8
"607",2,3,3,2,"buttery",0.8
"608",2,3,3,2,"grassy",0
"609",2,3,3,2,"rancid",6.6
"610",2,3,3,2,"painty",0.4
"611",2,3,10,1,"potato",10.3
"612",2,3,10,1,"buttery",5.7
"613",2,3,10,1,"grassy",2.1
"614",2,3,10,1,"rancid",10
"615",2,3,10,1,"painty",5.3
"616",2,3,10,2,"potato",10.2
"617",2,3,10,2,"buttery",4.4
"618",2,3,10,2,"grassy",0
"619",2,3,10,2,"rancid",0
"620",2,3,10,2,"painty",0
"621",2,3,15,1,"potato",6.3
"622",2,3,15,1,"buttery",3.6
"623",2,3,15,1,"grassy",3.5
"624",2,3,15,1,"rancid",3.4
"625",2,3,15,1,"painty",0.2
"626",2,3,15,2,"potato",10.4
"627",2,3,15,2,"buttery",3.2
"628",2,3,15,2,"grassy",1.6
"629",2,3,15,2,"rancid",0.1
"630",2,3,15,2,"painty",0.4
"631",2,3,16,1,"potato",8.2
"632",2,3,16,1,"buttery",7.3
"633",2,3,16,1,"grassy",1.3
"634",2,3,16,1,"rancid",3.7
"635",2,3,16,1,"painty",0.1
"636",2,3,16,2,"potato",1.5
"637",2,3,16,2,"buttery",2.4
"638",2,3,16,2,"grassy",1.2
"639",2,3,16,2,"rancid",0.1
"640",2,3,16,2,"painty",0
"641",2,3,19,1,"potato",11.4
"642",2,3,19,1,"buttery",3.6
"643",2,3,19,1,"grassy",5.8
"644",2,3,19,1,"rancid",1.4
"645",2,3,19,1,"painty",0
"646",2,3,19,2,"potato",6
"647",2,3,19,2,"buttery",3
"648",2,3,19,2,"grassy",10.5
"649",2,3,19,2,"rancid",0
"650",2,3,19,2,"painty",0
"651",2,3,31,1,"potato",10.5
"652",2,3,31,1,"buttery",0.4
"653",2,3,31,1,"grassy",0
"654",2,3,31,1,"rancid",5.8
"655",2,3,31,1,"painty",6.3
"656",2,3,31,2,"potato",8.1
"657",2,3,31,2,"buttery",0.5
"658",2,3,31,2,"grassy",0
"659",2,3,31,2,"rancid",9.3
"660",2,3,31,2,"painty",5.4
"661",2,3,51,1,"potato",12.2
"662",2,3,51,1,"buttery",4.7
"663",2,3,51,1,"grassy",0
"664",2,3,51,1,"rancid",3.1
"665",2,3,51,1,"painty",3.9
"666",2,3,51,2,"potato",12.1
"667",2,3,51,2,"buttery",5.2
"668",2,3,51,2,"grassy",4.4
"669",2,3,51,2,"rancid",2.7
"670",2,3,51,2,"painty",5.7
"671",2,3,52,1,"potato",10.7
"672",2,3,52,1,"buttery",2.8
"673",2,3,52,1,"grassy",0.8
"674",2,3,52,1,"rancid",0
"675",2,3,52,1,"painty",0
"676",2,3,52,2,"potato",9.1
"677",2,3,52,2,"buttery",1.9
"678",2,3,52,2,"grassy",1.6
"679",2,3,52,2,"rancid",0
"680",2,3,52,2,"painty",0
"681",2,3,63,1,"potato",6.2
"682",2,3,63,1,"buttery",0
"683",2,3,63,1,"grassy",0
"684",2,3,63,1,"rancid",9.8
"685",2,3,63,1,"painty",1.8
"686",2,3,63,2,"potato",6.5
"687",2,3,63,2,"buttery",0
"688",2,3,63,2,"grassy",0.6
"689",2,3,63,2,"rancid",0
"690",2,3,63,2,"painty",1.4
"691",2,3,78,1,"potato",2.7
"692",2,3,78,1,"buttery",1.9
"693",2,3,78,1,"grassy",0
"694",2,3,78,1,"rancid",1.2
"695",2,3,78,1,"painty",1.3
"696",2,3,78,2,"potato",4.4
"697",2,3,78,2,"buttery",0
"698",2,3,78,2,"grassy",1.5
"699",2,3,78,2,"rancid",0
"700",2,3,78,2,"painty",7.1
"701",2,3,79,1,"potato",7.7
"702",2,3,79,1,"buttery",1.1
"703",2,3,79,1,"grassy",0
"704",2,3,79,1,"rancid",2.6
"705",2,3,79,1,"painty",0
"706",2,3,79,2,"potato",6.7
"707",2,3,79,2,"buttery",0
"708",2,3,79,2,"grassy",0
"709",2,3,79,2,"rancid",0
"710",2,3,79,2,"painty",0
"711",2,3,86,1,"potato",7.7
"712",2,3,86,1,"buttery",1.6
"713",2,3,86,1,"grassy",2.6
"714",2,3,86,1,"rancid",0
"715",2,3,86,1,"painty",0
"716",2,3,86,2,"potato",4
"717",2,3,86,2,"buttery",5.7
"718",2,3,86,2,"grassy",0
"719",2,3,86,2,"rancid",0
"720",2,3,86,2,"painty",0
"721",3,1,3,1,"potato",11.8
"722",3,1,3,1,"buttery",0.2
"723",3,1,3,1,"grassy",0
"724",3,1,3,1,"rancid",6
"725",3,1,3,1,"painty",0
"726",3,1,3,2,"potato",7.8
"727",3,1,3,2,"buttery",0.5
"728",3,1,3,2,"grassy",0
"729",3,1,3,2,"rancid",11
"730",3,1,3,2,"painty",0
"731",3,1,10,1,"potato",9.3
"732",3,1,10,1,"buttery",7
"733",3,1,10,1,"grassy",0
"734",3,1,10,1,"rancid",2.6
"735",3,1,10,1,"painty",3.8
"736",3,1,10,2,"potato",9.1
"737",3,1,10,2,"buttery",6.6
"738",3,1,10,2,"grassy",0
"739",3,1,10,2,"rancid",7.7
"740",3,1,10,2,"painty",0
"741",3,1,15,1,"potato",3.4
"742",3,1,15,1,"buttery",0.2
"743",3,1,15,1,"grassy",0.2
"744",3,1,15,1,"rancid",7.2
"745",3,1,15,1,"painty",2.6
"746",3,1,15,2,"potato",5.7
"747",3,1,15,2,"buttery",2.7
"748",3,1,15,2,"grassy",0.1
"749",3,1,15,2,"rancid",3.8
"750",3,1,15,2,"painty",0
"751",3,1,16,1,"potato",1.5
"752",3,1,16,1,"buttery",0.2
"753",3,1,16,1,"grassy",3
"754",3,1,16,1,"rancid",3.8
"755",3,1,16,1,"painty",1.7
"756",3,1,16,2,"potato",4.2
"757",3,1,16,2,"buttery",2.1
"758",3,1,16,2,"grassy",0.3
"759",3,1,16,2,"rancid",0.1
"760",3,1,16,2,"painty",0
"761",3,1,19,1,"potato",11.2
"762",3,1,19,1,"buttery",9.6
"763",3,1,19,1,"grassy",3.6
"764",3,1,19,1,"rancid",12.7
"765",3,1,19,1,"painty",2.5
"766",3,1,19,2,"potato",11.8
"767",3,1,19,2,"buttery",6
"768",3,1,19,2,"grassy",0
"769",3,1,19,2,"rancid",5.2
"770",3,1,19,2,"painty",0
"771",3,1,31,1,"potato",8.2
"772",3,1,31,1,"buttery",0.8
"773",3,1,31,1,"grassy",0
"774",3,1,31,1,"rancid",5.2
"775",3,1,31,1,"painty",0
"776",3,1,31,2,"potato",8.8
"777",3,1,31,2,"buttery",0
"778",3,1,31,2,"grassy",0
"779",3,1,31,2,"rancid",10
"780",3,1,31,2,"painty",4.8
"781",3,1,51,1,"potato",6.1
"782",3,1,51,1,"buttery",1.4
"783",3,1,51,1,"grassy",0.2
"784",3,1,51,1,"rancid",11
"785",3,1,51,1,"painty",0.1
"786",3,1,51,2,"potato",10.1
"787",3,1,51,2,"buttery",3
"788",3,1,51,2,"grassy",1.1
"789",3,1,51,2,"rancid",8.5
"790",3,1,51,2,"painty",0
"791",3,1,52,1,"potato",6.6
"792",3,1,52,1,"buttery",0.7
"793",3,1,52,1,"grassy",4.1
"794",3,1,52,1,"rancid",0.3
"795",3,1,52,1,"painty",0
"796",3,1,52,2,"potato",10.4
"797",3,1,52,2,"buttery",2.9
"798",3,1,52,2,"grassy",0.9
"799",3,1,52,2,"rancid",1
"800",3,1,52,2,"painty",0
"801",3,1,63,1,"potato",8.9
"802",3,1,63,1,"buttery",0
"803",3,1,63,1,"grassy",0
"804",3,1,63,1,"rancid",4.2
"805",3,1,63,1,"painty",3.6
"806",3,1,63,2,"potato",10.8
"807",3,1,63,2,"buttery",0
"808",3,1,63,2,"grassy",0
"809",3,1,63,2,"rancid",0.8
"810",3,1,63,2,"painty",0
"811",3,1,78,1,"potato",2.5
"812",3,1,78,1,"buttery",1.3
"813",3,1,78,1,"grassy",0
"814",3,1,78,1,"rancid",0
"815",3,1,78,1,"painty",6
"816",3,1,78,2,"potato",6.3
"817",3,1,78,2,"buttery",1
"818",3,1,78,2,"grassy",0
"819",3,1,78,2,"rancid",3.8
"820",3,1,78,2,"painty",1.7
"821",3,1,79,1,"potato",8.6
"822",3,1,79,1,"buttery",1.4
"823",3,1,79,1,"grassy",0
"824",3,1,79,1,"rancid",0
"825",3,1,79,1,"painty",0
"826",3,1,79,2,"potato",3.8
"827",3,1,79,2,"buttery",0
"828",3,1,79,2,"grassy",1.1
"829",3,1,79,2,"rancid",1.6
"830",3,1,79,2,"painty",0
"831",3,1,86,1,"potato",9
"832",3,1,86,1,"buttery",4.6
"833",3,1,86,1,"grassy",2
"834",3,1,86,1,"rancid",5.1
"835",3,1,86,1,"painty",0
"836",3,1,86,2,"potato",10.6
"837",3,1,86,2,"buttery",2.9
"838",3,1,86,2,"grassy",3
"839",3,1,86,2,"rancid",0
"840",3,1,86,2,"painty",0
"841",3,2,3,1,"potato",4
"842",3,2,3,1,"buttery",0.1
"843",3,2,3,1,"grassy",0
"844",3,2,3,1,"rancid",9.2
"845",3,2,3,1,"painty",0
"846",3,2,3,2,"potato",9.9
"847",3,2,3,2,"buttery",0.5
"848",3,2,3,2,"grassy",0
"849",3,2,3,2,"rancid",11.4
"850",3,2,3,2,"painty",0
"851",3,2,10,1,"potato",10.1
"852",3,2,10,1,"buttery",8.2
"853",3,2,10,1,"grassy",0.1
"854",3,2,10,1,"rancid",0
"855",3,2,10,1,"painty",0
"856",3,2,10,2,"potato",9
"857",3,2,10,2,"buttery",7.5
"858",3,2,10,2,"grassy",0
"859",3,2,10,2,"rancid",0
"860",3,2,10,2,"painty",0
"861",3,2,15,1,"potato",8.3
"862",3,2,15,1,"buttery",2.8
"863",3,2,15,1,"grassy",0
"864",3,2,15,1,"rancid",0.3
"865",3,2,15,1,"painty",0.1
"866",3,2,15,2,"potato",6.1
"867",3,2,15,2,"buttery",1.8
"868",3,2,15,2,"grassy",0
"869",3,2,15,2,"rancid",1
"870",3,2,15,2,"painty",0
"871",3,2,16,1,"potato",2.6
"872",3,2,16,1,"buttery",0.3
"873",3,2,16,1,"grassy",0
"874",3,2,16,1,"rancid",0
"875",3,2,16,1,"painty",0
"876",3,2,16,2,"potato",9.6
"877",3,2,16,2,"buttery",4.2
"878",3,2,16,2,"grassy",0.9
"879",3,2,16,2,"rancid",0
"880",3,2,16,2,"painty",0
"881",3,2,19,1,"potato",4.8
"882",3,2,19,1,"buttery",0
"883",3,2,19,1,"grassy",0
"884",3,2,19,1,"rancid",0.9
"885",3,2,19,1,"painty",1.4
"886",3,2,19,2,"potato",5.6
"887",3,2,19,2,"buttery",1.7
"888",3,2,19,2,"grassy",0
"889",3,2,19,2,"rancid",1.4
"890",3,2,19,2,"painty",9.4
"891",3,2,31,1,"potato",10.2
"892",3,2,31,1,"buttery",0.2
"893",3,2,31,1,"grassy",0
"894",3,2,31,1,"rancid",10.1
"895",3,2,31,1,"painty",8.2
"896",3,2,31,2,"potato",10
"897",3,2,31,2,"buttery",0.4
"898",3,2,31,2,"grassy",0
"899",3,2,31,2,"rancid",9.1
"900",3,2,31,2,"painty",8.2
"901",3,2,51,1,"potato",6.6
"902",3,2,51,1,"buttery",4.2
"903",3,2,51,1,"grassy",0
"904",3,2,51,1,"rancid",7.5
"905",3,2,51,1,"painty",2.9
"906",3,2,51,2,"potato",9.3
"907",3,2,51,2,"buttery",1.9
"908",3,2,51,2,"grassy",2.9
"909",3,2,51,2,"rancid",2.6
"910",3,2,51,2,"painty",0
"911",3,2,52,1,"potato",7.2
"912",3,2,52,1,"buttery",2.7
"913",3,2,52,1,"grassy",1.8
"914",3,2,52,1,"rancid",0
"915",3,2,52,1,"painty",0
"916",3,2,52,2,"potato",8.2
"917",3,2,52,2,"buttery",1.6
"918",3,2,52,2,"grassy",3.9
"919",3,2,52,2,"rancid",0
"920",3,2,52,2,"painty",0
"921",3,2,63,1,"potato",12.8
"922",3,2,63,1,"buttery",0.7
"923",3,2,63,1,"grassy",0
"924",3,2,63,1,"rancid",0
"925",3,2,63,1,"painty",0
"926",3,2,63,2,"potato",10.7
"927",3,2,63,2,"buttery",0
"928",3,2,63,2,"grassy",0
"929",3,2,63,2,"rancid",5.9
"930",3,2,63,2,"painty",0
"931",3,2,78,1,"potato",7.5
"932",3,2,78,1,"buttery",2.9
"933",3,2,78,1,"grassy",0
"934",3,2,78,1,"rancid",0
"935",3,2,78,1,"painty",2.5
"936",3,2,78,2,"potato",2.4
"937",3,2,78,2,"buttery",0
"938",3,2,78,2,"grassy",0.8
"939",3,2,78,2,"rancid",0.7
"940",3,2,78,2,"painty",4.8
"941",3,2,79,1,"potato",8.4
"942",3,2,79,1,"buttery",0
"943",3,2,79,1,"grassy",0
"944",3,2,79,1,"rancid",0.9
"945",3,2,79,1,"painty",0
"946",3,2,79,2,"potato",5.4
"947",3,2,79,2,"buttery",0
"948",3,2,79,2,"grassy",0
"949",3,2,79,2,"rancid",2.6
"950",3,2,79,2,"painty",0
"951",3,2,86,1,"potato",9.4
"952",3,2,86,1,"buttery",5.2
"953",3,2,86,1,"grassy",4.8
"954",3,2,86,1,"rancid",1.9
"955",3,2,86,1,"painty",0
"956",3,2,86,2,"potato",5.2
"957",3,2,86,2,"buttery",3
"958",3,2,86,2,"grassy",2.2
"959",3,2,86,2,"rancid",4
"960",3,2,86,2,"painty",0
"961",3,3,3,1,"potato",7.3
"962",3,3,3,1,"buttery",0.2
"963",3,3,3,1,"grassy",0
"964",3,3,3,1,"rancid",7.1
"965",3,3,3,1,"painty",0
"966",3,3,3,2,"potato",7.3
"967",3,3,3,2,"buttery",0.5
"968",3,3,3,2,"grassy",0
"969",3,3,3,2,"rancid",11.1
"970",3,3,3,2,"painty",0
"971",3,3,10,1,"potato",9.6
"972",3,3,10,1,"buttery",8
"973",3,3,10,1,"grassy",0
"974",3,3,10,1,"rancid",0
"975",3,3,10,1,"painty",0
"976",3,3,10,2,"potato",11
"977",3,3,10,2,"buttery",8.4
"978",3,3,10,2,"grassy",0
"979",3,3,10,2,"rancid",0
"980",3,3,10,2,"painty",0
"981",3,3,15,1,"potato",5.2
"982",3,3,15,1,"buttery",0.7
"983",3,3,15,1,"grassy",0.3
"984",3,3,15,1,"rancid",5.5
"985",3,3,15,1,"painty",0.5
"986",3,3,15,2,"potato",6.5
"987",3,3,15,2,"buttery",1.6
"988",3,3,15,2,"grassy",0.3
"989",3,3,15,2,"rancid",1.5
"990",3,3,15,2,"painty",0.9
"991",3,3,16,1,"potato",10.6
"992",3,3,16,1,"buttery",0.4
"993",3,3,16,1,"grassy",0.5
"994",3,3,16,1,"rancid",1
"995",3,3,16,1,"painty",0
"996",3,3,16,2,"potato",8.6
"997",3,3,16,2,"buttery",2.1
"998",3,3,16,2,"grassy",2.5
"999",3,3,16,2,"rancid",0.7
"1000",3,3,16,2,"painty",0.8
"1001",3,3,19,1,"potato",6.4
"1002",3,3,19,1,"buttery",4
"1003",3,3,19,1,"grassy",1
"1004",3,3,19,1,"rancid",4
"1005",3,3,19,1,"painty",0
"1006",3,3,19,2,"potato",9.7
"1007",3,3,19,2,"buttery",1.7
"1008",3,3,19,2,"grassy",2.9
"1009",3,3,19,2,"rancid",10.8
"1010",3,3,19,2,"painty",0
"1011",3,3,31,1,"potato",7.6
"1012",3,3,31,1,"buttery",0.5
"1013",3,3,31,1,"grassy",0
"1014",3,3,31,1,"rancid",6.8
"1015",3,3,31,1,"painty",0
"1016",3,3,31,2,"potato",8.7
"1017",3,3,31,2,"buttery",0
"1018",3,3,31,2,"grassy",0
"1019",3,3,31,2,"rancid",7.7
"1020",3,3,31,2,"painty",9.1
"1021",3,3,51,1,"potato",9.1
"1022",3,3,51,1,"buttery",3
"1023",3,3,51,1,"grassy",0
"1024",3,3,51,1,"rancid",4.4
"1025",3,3,51,1,"painty",5.1
"1026",3,3,51,2,"potato",9.3
"1027",3,3,51,2,"buttery",0
"1028",3,3,51,2,"grassy",0
"1029",3,3,51,2,"rancid",6.8
"1030",3,3,51,2,"painty",3.5
"1031",3,3,52,1,"potato",8.1
"1032",3,3,52,1,"buttery",0.2
"1033",3,3,52,1,"grassy",2
"1034",3,3,52,1,"rancid",0
"1035",3,3,52,1,"painty",0
"1036",3,3,52,2,"potato",10.2
"1037",3,3,52,2,"buttery",1.2
"1038",3,3,52,2,"grassy",0.9
"1039",3,3,52,2,"rancid",0
"1040",3,3,52,2,"painty",0
"1041",3,3,63,1,"potato",9
"1042",3,3,63,1,"buttery",0
"1043",3,3,63,1,"grassy",0
"1044",3,3,63,1,"rancid",2.6
"1045",3,3,63,1,"painty",0
"1046",3,3,63,2,"potato",9.1
"1047",3,3,63,2,"buttery",0
"1048",3,3,63,2,"grassy",0
"1049",3,3,63,2,"rancid",6.7
"1050",3,3,63,2,"painty",0
"1051",3,3,78,1,"potato",9.2
"1052",3,3,78,1,"buttery",2.6
"1053",3,3,78,1,"grassy",1.8
"1054",3,3,78,1,"rancid",0
"1055",3,3,78,1,"painty",0.8
"1056",3,3,78,2,"potato",2
"1057",3,3,78,2,"buttery",1.1
"1058",3,3,78,2,"grassy",0
"1059",3,3,78,2,"rancid",0
"1060",3,3,78,2,"painty",6.5
"1061",3,3,79,1,"potato",7.5
"1062",3,3,79,1,"buttery",2.1
"1063",3,3,79,1,"grassy",0
"1064",3,3,79,1,"rancid",0
"1065",3,3,79,1,"painty",0
"1066",3,3,79,2,"potato",8.7
"1067",3,3,79,2,"buttery",5.1
"1068",3,3,79,2,"grassy",0
"1069",3,3,79,2,"rancid",0.7
"1070",3,3,79,2,"painty",0
"1071",3,3,86,1,"potato",5.2
"1072",3,3,86,1,"buttery",1.5
"1073",3,3,86,1,"grassy",2.1
"1074",3,3,86,1,"rancid",5.9
"1075",3,3,86,1,"painty",2.9
"1076",3,3,86,2,"potato",5.7
"1077",3,3,86,2,"buttery",1.5
"1078",3,3,86,2,"grassy",2.7
"1079",3,3,86,2,"rancid",3.1
"1080",3,3,86,2,"painty",0
"1081",4,1,3,1,"potato",13.6
"1082",4,1,3,1,"buttery",0.1
"1083",4,1,3,1,"grassy",0
"1084",4,1,3,1,"rancid",1.7
"1085",4,1,3,1,"painty",0
"1086",4,1,3,2,"potato",5.3
"1087",4,1,3,2,"buttery",0
"1088",4,1,3,2,"grassy",0
"1089",4,1,3,2,"rancid",0.9
"1090",4,1,3,2,"painty",0
"1091",4,1,10,1,"potato",8.1
"1092",4,1,10,1,"buttery",4.4
"1093",4,1,10,1,"grassy",0
"1094",4,1,10,1,"rancid",6.5
"1095",4,1,10,1,"painty",1.1
"1096",4,1,10,2,"potato",9.1
"1097",4,1,10,2,"buttery",5.8
"1098",4,1,10,2,"grassy",0
"1099",4,1,10,2,"rancid",0
"1100",4,1,10,2,"painty",0
"1101",4,1,15,1,"potato",8.1
"1102",4,1,15,1,"buttery",0.6
"1103",4,1,15,1,"grassy",0.4
"1104",4,1,15,1,"rancid",0.2
"1105",4,1,15,1,"painty",0
"1106",4,1,15,2,"potato",7.2
"1107",4,1,15,2,"buttery",0.4
"1108",4,1,15,2,"grassy",0.6
"1109",4,1,15,2,"rancid",0.1
"1110",4,1,15,2,"painty",0
"1111",4,1,16,1,"potato",6.8
"1112",4,1,16,1,"buttery",0.9
"1113",4,1,16,1,"grassy",1.2
"1114",4,1,16,1,"rancid",0.1
"1115",4,1,16,1,"painty",0
"1116",4,1,16,2,"potato",10.5
"1117",4,1,16,2,"buttery",1.3
"1118",4,1,16,2,"grassy",0.4
"1119",4,1,16,2,"rancid",2.8
"1120",4,1,16,2,"painty",0
"1121",4,1,19,1,"potato",8.9
"1122",4,1,19,1,"buttery",4.4
"1123",4,1,19,1,"grassy",0
"1124",4,1,19,1,"rancid",0
"1125",4,1,19,1,"painty",0
"1126",4,1,19,2,"potato",6.9
"1127",4,1,19,2,"buttery",2.3
"1128",4,1,19,2,"grassy",11.1
"1129",4,1,19,2,"rancid",3.2
"1130",4,1,19,2,"painty",0
"1131",4,1,31,1,"potato",11.7
"1132",4,1,31,1,"buttery",0.8
"1133",4,1,31,1,"grassy",0
"1134",4,1,31,1,"rancid",5.1
"1135",4,1,31,1,"painty",0.9
"1136",4,1,31,2,"potato",3.4
"1137",4,1,31,2,"buttery",0.3
"1138",4,1,31,2,"grassy",0
"1139",4,1,31,2,"rancid",3.7
"1140",4,1,31,2,"painty",0
"1141",4,1,51,1,"potato",9.3
"1142",4,1,51,1,"buttery",2.5
"1143",4,1,51,1,"grassy",0.7
"1144",4,1,51,1,"rancid",8.8
"1145",4,1,51,1,"painty",9.2
"1146",4,1,51,2,"potato",13.2
"1147",4,1,51,2,"buttery",5.4
"1148",4,1,51,2,"grassy",2.1
"1149",4,1,51,2,"rancid",2.7
"1150",4,1,51,2,"painty",0
"1151",4,1,52,1,"potato",8.5
"1152",4,1,52,1,"buttery",3.9
"1153",4,1,52,1,"grassy",0.2
"1154",4,1,52,1,"rancid",0
"1155",4,1,52,1,"painty",0
"1156",4,1,52,2,"potato",8.9
"1157",4,1,52,2,"buttery",2.6
"1158",4,1,52,2,"grassy",1.8
"1159",4,1,52,2,"rancid",0
"1160",4,1,52,2,"painty",0
"1161",4,1,63,1,"potato",10.4
"1162",4,1,63,1,"buttery",0
"1163",4,1,63,1,"grassy",0
"1164",4,1,63,1,"rancid",3
"1165",4,1,63,1,"painty",0
"1166",4,1,63,2,"potato",11.4
"1167",4,1,63,2,"buttery",0.5
"1168",4,1,63,2,"grassy",0
"1169",4,1,63,2,"rancid",1.7
"1170",4,1,63,2,"painty",0
"1171",4,1,78,1,"potato",9.4
"1172",4,1,78,1,"buttery",1
"1173",4,1,78,1,"grassy",1.2
"1174",4,1,78,1,"rancid",3.2
"1175",4,1,78,1,"painty",0
"1176",4,1,78,2,"potato",3.2
"1177",4,1,78,2,"buttery",1.1
"1178",4,1,78,2,"grassy",2.3
"1179",4,1,78,2,"rancid",0
"1180",4,1,78,2,"painty",0
"1181",4,1,79,1,"potato",8.4
"1182",4,1,79,1,"buttery",1.8
"1183",4,1,79,1,"grassy",0
"1184",4,1,79,1,"rancid",0
"1185",4,1,79,1,"painty",0
"1186",4,1,79,2,"potato",7
"1187",4,1,79,2,"buttery",0
"1188",4,1,79,2,"grassy",0
"1189",4,1,79,2,"rancid",1.4
"1190",4,1,79,2,"painty",0
"1191",4,1,86,1,"potato",8.3
"1192",4,1,86,1,"buttery",5.8
"1193",4,1,86,1,"grassy",0
"1194",4,1,86,1,"rancid",0
"1195",4,1,86,1,"painty",0
"1196",4,1,86,2,"potato",4.1
"1197",4,1,86,2,"buttery",1.6
"1198",4,1,86,2,"grassy",2.6
"1199",4,1,86,2,"rancid",4.8
"1200",4,1,86,2,"painty",0
"1201",4,2,3,1,"potato",12.9
"1202",4,2,3,1,"buttery",0
"1203",4,2,3,1,"grassy",0
"1204",4,2,3,1,"rancid",1.3
"1205",4,2,3,1,"painty",0
"1206",4,2,3,2,"potato",12.7
"1207",4,2,3,2,"buttery",0
"1208",4,2,3,2,"grassy",0
"1209",4,2,3,2,"rancid",0.8
"1210",4,2,3,2,"painty",0
"1211",4,2,10,1,"potato",8.4
"1212",4,2,10,1,"buttery",5.6
"1213",4,2,10,1,"grassy",0
"1214",4,2,10,1,"rancid",4.3
"1215",4,2,10,1,"painty",0
"1216",4,2,10,2,"potato",9
"1217",4,2,10,2,"buttery",7.7
"1218",4,2,10,2,"grassy",0
"1219",4,2,10,2,"rancid",1.4
"1220",4,2,10,2,"painty",0
"1221",4,2,15,1,"potato",5.1
"1222",4,2,15,1,"buttery",0.6
"1223",4,2,15,1,"grassy",0
"1224",4,2,15,1,"rancid",1.8
"1225",4,2,15,1,"painty",0
"1226",4,2,15,2,"potato",8.7
"1227",4,2,15,2,"buttery",1.1
"1228",4,2,15,2,"grassy",0
"1229",4,2,15,2,"rancid",0.2
"1230",4,2,15,2,"painty",0.1
"1231",4,2,16,1,"potato",3.8
"1232",4,2,16,1,"buttery",1.1
"1233",4,2,16,1,"grassy",2.1
"1234",4,2,16,1,"rancid",4.7
"1235",4,2,16,1,"painty",0
"1236",4,2,16,2,"potato",7.4
"1237",4,2,16,2,"buttery",4.9
"1238",4,2,16,2,"grassy",1.1
"1239",4,2,16,2,"rancid",2.5
"1240",4,2,16,2,"painty",0
"1241",4,2,19,1,"potato",10.5
"1242",4,2,19,1,"buttery",6.4
"1243",4,2,19,1,"grassy",0
"1244",4,2,19,1,"rancid",10.8
"1245",4,2,19,1,"painty",4.4
"1246",4,2,19,2,"potato",12.9
"1247",4,2,19,2,"buttery",1.4
"1248",4,2,19,2,"grassy",1.3
"1249",4,2,19,2,"rancid",9.7
"1250",4,2,19,2,"painty",5.4
"1251",4,2,31,1,"potato",6.8
"1252",4,2,31,1,"buttery",0
"1253",4,2,31,1,"grassy",1
"1254",4,2,31,1,"rancid",5
"1255",4,2,31,1,"painty",8.6
"1256",4,2,31,2,"potato",10.5
"1257",4,2,31,2,"buttery",0.3
"1258",4,2,31,2,"grassy",0
"1259",4,2,31,2,"rancid",6
"1260",4,2,31,2,"painty",6.6
"1261",4,2,51,1,"potato",10.9
"1262",4,2,51,1,"buttery",2.2
"1263",4,2,51,1,"grassy",3.3
"1264",4,2,51,1,"rancid",4.5
"1265",4,2,51,1,"painty",7.4
"1266",4,2,51,2,"potato",13.2
"1267",4,2,51,2,"buttery",3.1
"1268",4,2,51,2,"grassy",0.7
"1269",4,2,51,2,"rancid",0.1
"1270",4,2,51,2,"painty",4.2
"1271",4,2,52,1,"potato",6.8
"1272",4,2,52,1,"buttery",0.5
"1273",4,2,52,1,"grassy",2.4
"1274",4,2,52,1,"rancid",3.1
"1275",4,2,52,1,"painty",0
"1276",4,2,52,2,"potato",8.3
"1277",4,2,52,2,"buttery",1.3
"1278",4,2,52,2,"grassy",2
"1279",4,2,52,2,"rancid",0.5
"1280",4,2,52,2,"painty",0
"1281",4,2,63,1,"potato",8
"1282",4,2,63,1,"buttery",0
"1283",4,2,63,1,"grassy",0
"1284",4,2,63,1,"rancid",9.3
"1285",4,2,63,1,"painty",2.1
"1286",4,2,63,2,"potato",11.6
"1287",4,2,63,2,"buttery",0
"1288",4,2,63,2,"grassy",0
"1289",4,2,63,2,"rancid",4
"1290",4,2,63,2,"painty",0.8
"1291",4,2,78,1,"potato",3.9
"1292",4,2,78,1,"buttery",0
"1293",4,2,78,1,"grassy",0
"1294",4,2,78,1,"rancid",0
"1295",4,2,78,1,"painty",1.6
"1296",4,2,78,2,"potato",1.1
"1297",4,2,78,2,"buttery",0
"1298",4,2,78,2,"grassy",0
"1299",4,2,78,2,"rancid",0
"1300",4,2,78,2,"painty",3.4
"1301",4,2,79,1,"potato",8.5
"1302",4,2,79,1,"buttery",0
"1303",4,2,79,1,"grassy",0
"1304",4,2,79,1,"rancid",2.7
"1305",4,2,79,1,"painty",0
"1306",4,2,79,2,"potato",10.7
"1307",4,2,79,2,"buttery",0.9
"1308",4,2,79,2,"grassy",0
"1309",4,2,79,2,"rancid",0
"1310",4,2,79,2,"painty",0
"1311",4,2,86,1,"potato",2.7
"1312",4,2,86,1,"buttery",0.9
"1313",4,2,86,1,"grassy",1.5
"1314",4,2,86,1,"rancid",5.2
"1315",4,2,86,1,"painty",0
"1316",4,2,86,2,"potato",2.5
"1317",4,2,86,2,"buttery",0.6
"1318",4,2,86,2,"grassy",0
"1319",4,2,86,2,"rancid",6.4
"1320",4,2,86,2,"painty",0
"1321",4,3,3,1,"potato",1.5
"1322",4,3,3,1,"buttery",0.5
"1323",4,3,3,1,"grassy",0.4
"1324",4,3,3,1,"rancid",7.8
"1325",4,3,3,1,"painty",0
"1326",4,3,3,2,"potato",5.9
"1327",4,3,3,2,"buttery",0.2
"1328",4,3,3,2,"grassy",0
"1329",4,3,3,2,"rancid",1.3
"1330",4,3,3,2,"painty",0
"1331",4,3,10,1,"potato",10.3
"1332",4,3,10,1,"buttery",8.4
"1333",4,3,10,1,"grassy",0
"1334",4,3,10,1,"rancid",0
"1335",4,3,10,1,"painty",0
"1336",4,3,10,2,"potato",9.5
"1337",4,3,10,2,"buttery",7.1
"1338",4,3,10,2,"grassy",0
"1339",4,3,10,2,"rancid",5.7
"1340",4,3,10,2,"painty",0
"1341",4,3,15,1,"potato",5.2
"1342",4,3,15,1,"buttery",0.4
"1343",4,3,15,1,"grassy",0.3
"1344",4,3,15,1,"rancid",2
"1345",4,3,15,1,"painty",0
"1346",4,3,15,2,"potato",7
"1347",4,3,15,2,"buttery",0.3
"1348",4,3,15,2,"grassy",0.1
"1349",4,3,15,2,"rancid",2.9
"1350",4,3,15,2,"painty",0
"1351",4,3,16,1,"potato",12.7
"1352",4,3,16,1,"buttery",5.4
"1353",4,3,16,1,"grassy",2.2
"1354",4,3,16,1,"rancid",4.1
"1355",4,3,16,1,"painty",1
"1356",4,3,16,2,"potato",6.8
"1357",4,3,16,2,"buttery",4.4
"1358",4,3,16,2,"grassy",2.8
"1359",4,3,16,2,"rancid",5.8
"1360",4,3,16,2,"painty",1
"1361",4,3,19,1,"potato",5.8
"1362",4,3,19,1,"buttery",1.6
"1363",4,3,19,1,"grassy",0
"1364",4,3,19,1,"rancid",6.5
"1365",4,3,19,1,"painty",0
"1366",4,3,19,2,"potato",4.7
"1367",4,3,19,2,"buttery",0
"1368",4,3,19,2,"grassy",0
"1369",4,3,19,2,"rancid",6.4
"1370",4,3,19,2,"painty",0
"1371",4,3,31,1,"potato",11
"1372",4,3,31,1,"buttery",2.8
"1373",4,3,31,1,"grassy",0
"1374",4,3,31,1,"rancid",2.7
"1375",4,3,31,1,"painty",3.1
"1376",4,3,31,2,"potato",9.2
"1377",4,3,31,2,"buttery",0
"1378",4,3,31,2,"grassy",0
"1379",4,3,31,2,"rancid",7.9
"1380",4,3,31,2,"painty",2.6
"1381",4,3,51,1,"potato",7
"1382",4,3,51,1,"buttery",3.7
"1383",4,3,51,1,"grassy",0.1
"1384",4,3,51,1,"rancid",12.9
"1385",4,3,51,1,"painty",0
"1386",4,3,51,2,"potato",10.3
"1387",4,3,51,2,"buttery",2.1
"1388",4,3,51,2,"grassy",2.7
"1389",4,3,51,2,"rancid",7.2
"1390",4,3,51,2,"painty",5.3
"1391",4,3,52,1,"potato",3.3
"1392",4,3,52,1,"buttery",1.7
"1393",4,3,52,1,"grassy",0.9
"1394",4,3,52,1,"rancid",5.6
"1395",4,3,52,1,"painty",0
"1396",4,3,52,2,"potato",5.2
"1397",4,3,52,2,"buttery",0.8
"1398",4,3,52,2,"grassy",1.4
"1399",4,3,52,2,"rancid",6.4
"1400",4,3,52,2,"painty",0
"1401",4,3,63,1,"potato",5.6
"1402",4,3,63,1,"buttery",0
"1403",4,3,63,1,"grassy",0
"1404",4,3,63,1,"rancid",13.3
"1405",4,3,63,1,"painty",4.4
"1406",4,3,63,2,"potato",5.8
"1407",4,3,63,2,"buttery",0
"1408",4,3,63,2,"grassy",0
"1409",4,3,63,2,"rancid",11.2
"1410",4,3,63,2,"painty",3.4
"1411",4,3,78,1,"potato",7.7
"1412",4,3,78,1,"buttery",1.3
"1413",4,3,78,1,"grassy",0
"1414",4,3,78,1,"rancid",0
"1415",4,3,78,1,"painty",5.6
"1416",4,3,78,2,"potato",3.5
"1417",4,3,78,2,"buttery",2.9
"1418",4,3,78,2,"grassy",1.1
"1419",4,3,78,2,"rancid",2.7
"1420",4,3,78,2,"painty",6.2
"1421",4,3,79,1,"potato",5.7
"1422",4,3,79,1,"buttery",0
"1423",4,3,79,1,"grassy",0
"1424",4,3,79,1,"rancid",2.5
"1425",4,3,79,1,"painty",0
"1426",4,3,79,2,"potato",9.2
"1427",4,3,79,2,"buttery",0
"1428",4,3,79,2,"grassy",0
"1429",4,3,79,2,"rancid",1
"1430",4,3,79,2,"painty",0
"1431",4,3,86,1,"potato",1.4
"1432",4,3,86,1,"buttery",0
"1433",4,3,86,1,"grassy",1.4
"1434",4,3,86,1,"rancid",4.7
"1435",4,3,86,1,"painty",5.7
"1436",4,3,86,2,"potato",2.5
"1437",4,3,86,2,"buttery",0
"1438",4,3,86,2,"grassy",0
"1439",4,3,86,2,"rancid",4.6
"1440",4,3,86,2,"painty",4.7
"1441",5,1,3,1,"potato",14
"1442",5,1,3,1,"buttery",0.3
"1443",5,1,3,1,"grassy",0
"1444",5,1,3,1,"rancid",0
"1445",5,1,3,1,"painty",1.7
"1446",5,1,3,2,"potato",12.9
"1447",5,1,3,2,"buttery",0.8
"1448",5,1,3,2,"grassy",0
"1449",5,1,3,2,"rancid",2.8
"1450",5,1,3,2,"painty",0
"1451",5,1,10,1,"potato",9.6
"1452",5,1,10,1,"buttery",8.4
"1453",5,1,10,1,"grassy",1.5
"1454",5,1,10,1,"rancid",10.2
"1455",5,1,10,1,"painty",2.4
"1456",5,1,10,2,"potato",8.7
"1457",5,1,10,2,"buttery",5.4
"1458",5,1,10,2,"grassy",2.6
"1459",5,1,10,2,"rancid",9.3
"1460",5,1,10,2,"painty",3.9
"1461",5,1,15,1,"potato",4.1
"1462",5,1,15,1,"buttery",0.3
"1463",5,1,15,1,"grassy",0.3
"1464",5,1,15,1,"rancid",4.9
"1465",5,1,15,1,"painty",1.3
"1466",5,1,15,2,"potato",3.2
"1467",5,1,15,2,"buttery",0.2
"1468",5,1,15,2,"grassy",0.5
"1469",5,1,15,2,"rancid",2.5
"1470",5,1,15,2,"painty",0.1
"1471",5,1,16,1,"potato",10.1
"1472",5,1,16,1,"buttery",0.4
"1473",5,1,16,1,"grassy",2.8
"1474",5,1,16,1,"rancid",10.2
"1475",5,1,16,1,"painty",2
"1476",5,1,16,2,"potato",10.5
"1477",5,1,16,2,"buttery",3.9
"1478",5,1,16,2,"grassy",1.4
"1479",5,1,16,2,"rancid",7.5
"1480",5,1,16,2,"painty",1
"1481",5,1,19,1,"potato",5.3
"1482",5,1,19,1,"buttery",0.9
"1483",5,1,19,1,"grassy",1.7
"1484",5,1,19,1,"rancid",11.5
"1485",5,1,19,1,"painty",7.1
"1486",5,1,19,2,"potato",9.9
"1487",5,1,19,2,"buttery",1.7
"1488",5,1,19,2,"grassy",3.3
"1489",5,1,19,2,"rancid",0.9
"1490",5,1,19,2,"painty",7.1
"1491",5,1,31,1,"potato",11.2
"1492",5,1,31,1,"buttery",0
"1493",5,1,31,1,"grassy",0.4
"1494",5,1,31,1,"rancid",1.1
"1495",5,1,31,1,"painty",0
"1496",5,1,31,2,"potato",9.9
"1497",5,1,31,2,"buttery",0.3
"1498",5,1,31,2,"grassy",0
"1499",5,1,31,2,"rancid",2.5
"1500",5,1,31,2,"painty",3.3
"1501",5,1,51,1,"potato",9.2
"1502",5,1,51,1,"buttery",2.4
"1503",5,1,51,1,"grassy",0.2
"1504",5,1,51,1,"rancid",9.5
"1505",5,1,51,1,"painty",6.2
"1506",5,1,51,2,"potato",12.5
"1507",5,1,51,2,"buttery",4.7
"1508",5,1,51,2,"grassy",1
"1509",5,1,51,2,"rancid",7.1
"1510",5,1,51,2,"painty",2.3
"1511",5,1,52,1,"potato",4.1
"1512",5,1,52,1,"buttery",0
"1513",5,1,52,1,"grassy",0
"1514",5,1,52,1,"rancid",6.5
"1515",5,1,52,1,"painty",3.2
"1516",5,1,52,2,"potato",6.4
"1517",5,1,52,2,"buttery",0
"1518",5,1,52,2,"grassy",0.3
"1519",5,1,52,2,"rancid",7.1
"1520",5,1,52,2,"painty",0.3
"1521",5,1,63,1,"potato",9.8
"1522",5,1,63,1,"buttery",0
"1523",5,1,63,1,"grassy",0
"1524",5,1,63,1,"rancid",2
"1525",5,1,63,1,"painty",5.2
"1526",5,1,63,2,"potato",4.2
"1527",5,1,63,2,"buttery",0
"1528",5,1,63,2,"grassy",0
"1529",5,1,63,2,"rancid",1.3
"1530",5,1,63,2,"painty",9.8
"1531",5,1,78,1,"potato",3.3
"1532",5,1,78,1,"buttery",1.1
"1533",5,1,78,1,"grassy",1.3
"1534",5,1,78,1,"rancid",0
"1535",5,1,78,1,"painty",3.3
"1536",5,1,78,2,"potato",5
"1537",5,1,78,2,"buttery",1.2
"1538",5,1,78,2,"grassy",0
"1539",5,1,78,2,"rancid",1.1
"1540",5,1,78,2,"painty",6
"1541",5,1,79,1,"potato",8
"1542",5,1,79,1,"buttery",0.8
"1543",5,1,79,1,"grassy",0
"1544",5,1,79,1,"rancid",0
"1545",5,1,79,1,"painty",0
"1546",5,1,79,2,"potato",8.1
"1547",5,1,79,2,"buttery",0
"1548",5,1,79,2,"grassy",0
"1549",5,1,79,2,"rancid",0
"1550",5,1,79,2,"painty",0
"1551",5,1,86,1,"potato",2.2
"1552",5,1,86,1,"buttery",0
"1553",5,1,86,1,"grassy",0
"1554",5,1,86,1,"rancid",2.7
"1555",5,1,86,1,"painty",2.8
"1556",5,1,86,2,"potato",3.6
"1557",5,1,86,2,"buttery",0
"1558",5,1,86,2,"grassy",1.2
"1559",5,1,86,2,"rancid",2
"1560",5,1,86,2,"painty",3.2
"1561",5,2,3,1,"potato",3.4
"1562",5,2,3,1,"buttery",0
"1563",5,2,3,1,"grassy",0
"1564",5,2,3,1,"rancid",3.2
"1565",5,2,3,1,"painty",0
"1566",5,2,3,2,"potato",13.7
"1567",5,2,3,2,"buttery",1.7
"1568",5,2,3,2,"grassy",0
"1569",5,2,3,2,"rancid",4
"1570",5,2,3,2,"painty",0
"1571",5,2,10,1,"potato",9.2
"1572",5,2,10,1,"buttery",7.5
"1573",5,2,10,1,"grassy",0
"1574",5,2,10,1,"rancid",3.5
"1575",5,2,10,1,"painty",0
"1576",5,2,10,2,"potato",8.5
"1577",5,2,10,2,"buttery",2.8
"1578",5,2,10,2,"grassy",0
"1579",5,2,10,2,"rancid",7.1
"1580",5,2,10,2,"painty",2.2
"1581",5,2,15,1,"potato",4.1
"1582",5,2,15,1,"buttery",0.2
"1583",5,2,15,1,"grassy",0.2
"1584",5,2,15,1,"rancid",0.8
"1585",5,2,15,1,"painty",0
"1586",5,2,15,2,"potato",1.5
"1587",5,2,15,2,"buttery",0.3
"1588",5,2,15,2,"grassy",0.4
"1589",5,2,15,2,"rancid",4.7
"1590",5,2,15,2,"painty",0.4
"1591",5,2,16,1,"potato",13.4
"1592",5,2,16,1,"buttery",5
"1593",5,2,16,1,"grassy",0.1
"1594",5,2,16,1,"rancid",0.9
"1595",5,2,16,1,"painty",0.5
"1596",5,2,16,2,"potato",11
"1597",5,2,16,2,"buttery",6.8
"1598",5,2,16,2,"grassy",0.2
"1599",5,2,16,2,"rancid",0.7
"1600",5,2,16,2,"painty",0
"1601",5,2,19,1,"potato",7.6
"1602",5,2,19,1,"buttery",5
"1603",5,2,19,1,"grassy",0
"1604",5,2,19,1,"rancid",1.1
"1605",5,2,19,1,"painty",0
"1606",5,2,19,2,"potato",5.5
"1607",5,2,19,2,"buttery",4.7
"1608",5,2,19,2,"grassy",0
"1609",5,2,19,2,"rancid",13.4
"1610",5,2,19,2,"painty",4.6
"1611",5,2,31,1,"potato",5.4
"1612",5,2,31,1,"buttery",0
"1613",5,2,31,1,"grassy",0.5
"1614",5,2,31,1,"rancid",2.1
"1615",5,2,31,1,"painty",0.4
"1616",5,2,31,2,"potato",6.5
"1617",5,2,31,2,"buttery",0
"1618",5,2,31,2,"grassy",0
"1619",5,2,31,2,"rancid",1.5
"1620",5,2,31,2,"painty",0
"1621",5,2,51,1,"potato",8
"1622",5,2,51,1,"buttery",2.9
"1623",5,2,51,1,"grassy",0.7
"1624",5,2,51,1,"rancid",9.5
"1625",5,2,51,1,"painty",0
"1626",5,2,51,2,"potato",12.7
"1627",5,2,51,2,"buttery",4.7
"1628",5,2,51,2,"grassy",2.2
"1629",5,2,51,2,"rancid",0.1
"1630",5,2,51,2,"painty",0
"1631",5,2,52,1,"potato",4.9
"1632",5,2,52,1,"buttery",0
"1633",5,2,52,1,"grassy",7.1
"1634",5,2,52,1,"rancid",3.9
"1635",5,2,52,1,"painty",0
"1636",5,2,52,2,"potato",5.9
"1637",5,2,52,2,"buttery",0
"1638",5,2,52,2,"grassy",0.2
"1639",5,2,52,2,"rancid",7.7
"1640",5,2,52,2,"painty",0.9
"1641",5,2,63,1,"potato",4.4
"1642",5,2,63,1,"buttery",0
"1643",5,2,63,1,"grassy",0
"1644",5,2,63,1,"rancid",13.8
"1645",5,2,63,1,"painty",0.6
"1646",5,2,63,2,"potato",7.5
"1647",5,2,63,2,"buttery",0
"1648",5,2,63,2,"grassy",0
"1649",5,2,63,2,"rancid",3.2
"1650",5,2,63,2,"painty",4.7
"1651",5,2,78,1,"potato",5.6
"1652",5,2,78,1,"buttery",0
"1653",5,2,78,1,"grassy",0.9
"1654",5,2,78,1,"rancid",0
"1655",5,2,78,1,"painty",0
"1656",5,2,78,2,"potato",2.4
"1657",5,2,78,2,"buttery",0
"1658",5,2,78,2,"grassy",0
"1659",5,2,78,2,"rancid",0
"1660",5,2,78,2,"painty",3.4
"1661",5,2,79,1,"potato",10.1
"1662",5,2,79,1,"buttery",0
"1663",5,2,79,1,"grassy",0
"1664",5,2,79,1,"rancid",0
"1665",5,2,79,1,"painty",0
"1666",5,2,79,2,"potato",6.1
"1667",5,2,79,2,"buttery",0.5
"1668",5,2,79,2,"grassy",0
"1669",5,2,79,2,"rancid",0
"1670",5,2,79,2,"painty",0
"1671",5,2,86,1,"potato",5.8
"1672",5,2,86,1,"buttery",1.5
"1673",5,2,86,1,"grassy",0
"1674",5,2,86,1,"rancid",3.5
"1675",5,2,86,1,"painty",0
"1676",5,2,86,2,"potato",3.2
"1677",5,2,86,2,"buttery",1
"1678",5,2,86,2,"grassy",1.5
"1679",5,2,86,2,"rancid",2.7
"1680",5,2,86,2,"painty",0
"1681",5,3,3,1,"potato",4
"1682",5,3,3,1,"buttery",0
"1683",5,3,3,1,"grassy",0
"1684",5,3,3,1,"rancid",4.6
"1685",5,3,3,1,"painty",0
"1686",5,3,3,2,"potato",10.1
"1687",5,3,3,2,"buttery",4.3
"1688",5,3,3,2,"grassy",0
"1689",5,3,3,2,"rancid",0
"1690",5,3,3,2,"painty",3.2
"1691",5,3,10,1,"potato",10.7
"1692",5,3,10,1,"buttery",8.8
"1693",5,3,10,1,"grassy",0
"1694",5,3,10,1,"rancid",0
"1695",5,3,10,1,"painty",0
"1696",5,3,10,2,"potato",9
"1697",5,3,10,2,"buttery",4.3
"1698",5,3,10,2,"grassy",0
"1699",5,3,10,2,"rancid",0
"1700",5,3,10,2,"painty",0
"1701",5,3,15,1,"potato",NA
"1702",5,3,15,1,"buttery",NA
"1703",5,3,15,1,"grassy",NA
"1704",5,3,15,1,"rancid",NA
"1705",5,3,15,1,"painty",NA
"1706",5,3,15,2,"potato",3.6
"1707",5,3,15,2,"buttery",0.2
"1708",5,3,15,2,"grassy",0.4
"1709",5,3,15,2,"rancid",4.6
"1710",5,3,15,2,"painty",0.4
"1711",5,3,16,1,"potato",5.2
"1712",5,3,16,1,"buttery",1
"1713",5,3,16,1,"grassy",0.5
"1714",5,3,16,1,"rancid",0
"1715",5,3,16,1,"painty",0
"1716",5,3,16,2,"potato",6.7
"1717",5,3,16,2,"buttery",2
"1718",5,3,16,2,"grassy",0
"1719",5,3,16,2,"rancid",0.5
"1720",5,3,16,2,"painty",0
"1721",5,3,19,1,"potato",10.2
"1722",5,3,19,1,"buttery",2.9
"1723",5,3,19,1,"grassy",0
"1724",5,3,19,1,"rancid",0
"1725",5,3,19,1,"painty",1.5
"1726",5,3,19,2,"potato",7.1
"1727",5,3,19,2,"buttery",0
"1728",5,3,19,2,"grassy",4.2
"1729",5,3,19,2,"rancid",11.1
"1730",5,3,19,2,"painty",10.3
"1731",5,3,31,1,"potato",12.3
"1732",5,3,31,1,"buttery",2.7
"1733",5,3,31,1,"grassy",0
"1734",5,3,31,1,"rancid",9.8
"1735",5,3,31,1,"painty",6.9
"1736",5,3,31,2,"potato",11.5
"1737",5,3,31,2,"buttery",0
"1738",5,3,31,2,"grassy",0.3
"1739",5,3,31,2,"rancid",2.6
"1740",5,3,31,2,"painty",4.2
"1741",5,3,51,1,"potato",10.6
"1742",5,3,51,1,"buttery",4.4
"1743",5,3,51,1,"grassy",2.5
"1744",5,3,51,1,"rancid",1.7
"1745",5,3,51,1,"painty",0
"1746",5,3,51,2,"potato",7.5
"1747",5,3,51,2,"buttery",2.3
"1748",5,3,51,2,"grassy",2.3
"1749",5,3,51,2,"rancid",4.6
"1750",5,3,51,2,"painty",5.1
"1751",5,3,52,1,"potato",6.3
"1752",5,3,52,1,"buttery",0.1
"1753",5,3,52,1,"grassy",0.8
"1754",5,3,52,1,"rancid",2.1
"1755",5,3,52,1,"painty",0
"1756",5,3,52,2,"potato",4
"1757",5,3,52,2,"buttery",0
"1758",5,3,52,2,"grassy",0
"1759",5,3,52,2,"rancid",1.4
"1760",5,3,52,2,"painty",9.2
"1761",5,3,63,1,"potato",9.1
"1762",5,3,63,1,"buttery",0
"1763",5,3,63,1,"grassy",0
"1764",5,3,63,1,"rancid",0
"1765",5,3,63,1,"painty",1.4
"1766",5,3,63,2,"potato",9
"1767",5,3,63,2,"buttery",0
"1768",5,3,63,2,"grassy",0
"1769",5,3,63,2,"rancid",5.3
"1770",5,3,63,2,"painty",9.7
"1771",5,3,78,1,"potato",3.4
"1772",5,3,78,1,"buttery",0.8
"1773",5,3,78,1,"grassy",1.6
"1774",5,3,78,1,"rancid",1.5
"1775",5,3,78,1,"painty",1.3
"1776",5,3,78,2,"potato",1.5
"1777",5,3,78,2,"buttery",0.8
"1778",5,3,78,2,"grassy",0
"1779",5,3,78,2,"rancid",0
"1780",5,3,78,2,"painty",0
"1781",5,3,79,1,"potato",7.9
"1782",5,3,79,1,"buttery",0
"1783",5,3,79,1,"grassy",0
"1784",5,3,79,1,"rancid",1.6
"1785",5,3,79,1,"painty",0
"1786",5,3,79,2,"potato",9.4
"1787",5,3,79,2,"buttery",0.5
"1788",5,3,79,2,"grassy",0
"1789",5,3,79,2,"rancid",0.6
"1790",5,3,79,2,"painty",0
"1791",5,3,86,1,"potato",5.4
"1792",5,3,86,1,"buttery",4
"1793",5,3,86,1,"grassy",0
"1794",5,3,86,1,"rancid",3
"1795",5,3,86,1,"painty",0
"1796",5,3,86,2,"potato",3.6
"1797",5,3,86,2,"buttery",0.1
"1798",5,3,86,2,"grassy",0
"1799",5,3,86,2,"rancid",5.5
"1800",5,3,86,2,"painty",0
"1801",6,1,3,1,"potato",0.4
"1802",6,1,3,1,"buttery",1.2
"1803",6,1,3,1,"grassy",0
"1804",6,1,3,1,"rancid",0
"1805",6,1,3,1,"painty",9.5
"1806",6,1,3,2,"potato",3.3
"1807",6,1,3,2,"buttery",1.1
"1808",6,1,3,2,"grassy",0
"1809",6,1,3,2,"rancid",0
"1810",6,1,3,2,"painty",3
"1811",6,1,10,1,"potato",13.2
"1812",6,1,10,1,"buttery",11.2
"1813",6,1,10,1,"grassy",0
"1814",6,1,10,1,"rancid",2.4
"1815",6,1,10,1,"painty",0
"1816",6,1,10,2,"potato",10
"1817",6,1,10,2,"buttery",7.6
"1818",6,1,10,2,"grassy",0
"1819",6,1,10,2,"rancid",0
"1820",6,1,10,2,"painty",0
"1821",6,1,15,1,"potato",0
"1822",6,1,15,1,"buttery",0.3
"1823",6,1,15,1,"grassy",0.2
"1824",6,1,15,1,"rancid",2.9
"1825",6,1,15,1,"painty",8.7
"1826",6,1,15,2,"potato",2.6
"1827",6,1,15,2,"buttery",0.2
"1828",6,1,15,2,"grassy",1.5
"1829",6,1,15,2,"rancid",7.1
"1830",6,1,15,2,"painty",4.7
"1831",6,1,16,1,"potato",4.9
"1832",6,1,16,1,"buttery",0.3
"1833",6,1,16,1,"grassy",0.3
"1834",6,1,16,1,"rancid",7.4
"1835",6,1,16,1,"painty",1.2
"1836",6,1,16,2,"potato",8.9
"1837",6,1,16,2,"buttery",4.2
"1838",6,1,16,2,"grassy",1.6
"1839",6,1,16,2,"rancid",7.4
"1840",6,1,16,2,"painty",2.2
"1841",6,1,19,1,"potato",12.2
"1842",6,1,19,1,"buttery",9.5
"1843",6,1,19,1,"grassy",0
"1844",6,1,19,1,"rancid",4.1
"1845",6,1,19,1,"painty",0
"1846",6,1,19,2,"potato",11.1
"1847",6,1,19,2,"buttery",0
"1848",6,1,19,2,"grassy",3.8
"1849",6,1,19,2,"rancid",7.2
"1850",6,1,19,2,"painty",2.8
"1851",6,1,31,1,"potato",12
"1852",6,1,31,1,"buttery",0
"1853",6,1,31,1,"grassy",0
"1854",6,1,31,1,"rancid",0.6
"1855",6,1,31,1,"painty",0
"1856",6,1,31,2,"potato",8.2
"1857",6,1,31,2,"buttery",0
"1858",6,1,31,2,"grassy",0
"1859",6,1,31,2,"rancid",4.3
"1860",6,1,31,2,"painty",0.6
"1861",6,1,51,1,"potato",10.2
"1862",6,1,51,1,"buttery",4.7
"1863",6,1,51,1,"grassy",1.7
"1864",6,1,51,1,"rancid",1.6
"1865",6,1,51,1,"painty",0
"1866",6,1,51,2,"potato",8.5
"1867",6,1,51,2,"buttery",2.5
"1868",6,1,51,2,"grassy",2.1
"1869",6,1,51,2,"rancid",7.9
"1870",6,1,51,2,"painty",4.5
"1871",6,1,52,1,"potato",3.8
"1872",6,1,52,1,"buttery",0
"1873",6,1,52,1,"grassy",0
"1874",6,1,52,1,"rancid",9.4
"1875",6,1,52,1,"painty",0.8
"1876",6,1,52,2,"potato",3.7
"1877",6,1,52,2,"buttery",0
"1878",6,1,52,2,"grassy",0
"1879",6,1,52,2,"rancid",8.3
"1880",6,1,52,2,"painty",2.2
"1881",6,1,63,1,"potato",3.1
"1882",6,1,63,1,"buttery",0
"1883",6,1,63,1,"grassy",0
"1884",6,1,63,1,"rancid",9.5
"1885",6,1,63,1,"painty",6.2
"1886",6,1,63,2,"potato",4.2
"1887",6,1,63,2,"buttery",0
"1888",6,1,63,2,"grassy",0
"1889",6,1,63,2,"rancid",9.5
"1890",6,1,63,2,"painty",5
"1891",6,1,78,1,"potato",1.5
"1892",6,1,78,1,"buttery",0
"1893",6,1,78,1,"grassy",0
"1894",6,1,78,1,"rancid",2.1
"1895",6,1,78,1,"painty",4.3
"1896",6,1,78,2,"potato",1.1
"1897",6,1,78,2,"buttery",0.6
"1898",6,1,78,2,"grassy",0
"1899",6,1,78,2,"rancid",0
"1900",6,1,78,2,"painty",0.9
"1901",6,1,79,1,"potato",11.4
"1902",6,1,79,1,"buttery",0.4
"1903",6,1,79,1,"grassy",0
"1904",6,1,79,1,"rancid",0
"1905",6,1,79,1,"painty",0
"1906",6,1,79,2,"potato",7.9
"1907",6,1,79,2,"buttery",0
"1908",6,1,79,2,"grassy",0
"1909",6,1,79,2,"rancid",0.4
"1910",6,1,79,2,"painty",0
"1911",6,1,86,1,"potato",1
"1912",6,1,86,1,"buttery",0
"1913",6,1,86,1,"grassy",0
"1914",6,1,86,1,"rancid",6.4
"1915",6,1,86,1,"painty",0.9
"1916",6,1,86,2,"potato",2.7
"1917",6,1,86,2,"buttery",0
"1918",6,1,86,2,"grassy",0
"1919",6,1,86,2,"rancid",5.6
"1920",6,1,86,2,"painty",3.8
"1921",6,2,3,1,"potato",7.3
"1922",6,2,3,1,"buttery",0.7
"1923",6,2,3,1,"grassy",0
"1924",6,2,3,1,"rancid",10.2
"1925",6,2,3,1,"painty",0
"1926",6,2,3,2,"potato",1.8
"1927",6,2,3,2,"buttery",1.9
"1928",6,2,3,2,"grassy",0
"1929",6,2,3,2,"rancid",0
"1930",6,2,3,2,"painty",6.7
"1931",6,2,10,1,"potato",10.7
"1932",6,2,10,1,"buttery",7.7
"1933",6,2,10,1,"grassy",0
"1934",6,2,10,1,"rancid",0
"1935",6,2,10,1,"painty",0
"1936",6,2,10,2,"potato",11.4
"1937",6,2,10,2,"buttery",6.8
"1938",6,2,10,2,"grassy",0
"1939",6,2,10,2,"rancid",0
"1940",6,2,10,2,"painty",0
"1941",6,2,15,1,"potato",3.4
"1942",6,2,15,1,"buttery",0.3
"1943",6,2,15,1,"grassy",0.3
"1944",6,2,15,1,"rancid",1.4
"1945",6,2,15,1,"painty",2
"1946",6,2,15,2,"potato",4.6
"1947",6,2,15,2,"buttery",1.5
"1948",6,2,15,2,"grassy",0.5
"1949",6,2,15,2,"rancid",1.2
"1950",6,2,15,2,"painty",0.1
"1951",6,2,16,1,"potato",11.8
"1952",6,2,16,1,"buttery",2.7
"1953",6,2,16,1,"grassy",6.6
"1954",6,2,16,1,"rancid",9.5
"1955",6,2,16,1,"painty",1
"1956",6,2,16,2,"potato",10.8
"1957",6,2,16,2,"buttery",4.3
"1958",6,2,16,2,"grassy",3
"1959",6,2,16,2,"rancid",11.7
"1960",6,2,16,2,"painty",4.6
"1961",6,2,19,1,"potato",7.6
"1962",6,2,19,1,"buttery",0
"1963",6,2,19,1,"grassy",2.9
"1964",6,2,19,1,"rancid",0
"1965",6,2,19,1,"painty",0
"1966",6,2,19,2,"potato",11.1
"1967",6,2,19,2,"buttery",1.5
"1968",6,2,19,2,"grassy",0
"1969",6,2,19,2,"rancid",11.5
"1970",6,2,19,2,"painty",12.2
"1971",6,2,31,1,"potato",11.4
"1972",6,2,31,1,"buttery",0.8
"1973",6,2,31,1,"grassy",0
"1974",6,2,31,1,"rancid",0.4
"1975",6,2,31,1,"painty",0
"1976",6,2,31,2,"potato",6.9
"1977",6,2,31,2,"buttery",1.6
"1978",6,2,31,2,"grassy",1.3
"1979",6,2,31,2,"rancid",10.5
"1980",6,2,31,2,"painty",9.9
"1981",6,2,51,1,"potato",10.6
"1982",6,2,51,1,"buttery",3.1
"1983",6,2,51,1,"grassy",0
"1984",6,2,51,1,"rancid",5.5
"1985",6,2,51,1,"painty",0
"1986",6,2,51,2,"potato",6.3
"1987",6,2,51,2,"buttery",8.2
"1988",6,2,51,2,"grassy",1.1
"1989",6,2,51,2,"rancid",5.2
"1990",6,2,51,2,"painty",0
"1991",6,2,52,1,"potato",6.3
"1992",6,2,52,1,"buttery",0.8
"1993",6,2,52,1,"grassy",1.8
"1994",6,2,52,1,"rancid",4.2
"1995",6,2,52,1,"painty",0
"1996",6,2,52,2,"potato",5.6
"1997",6,2,52,2,"buttery",0.7
"1998",6,2,52,2,"grassy",0.8
"1999",6,2,52,2,"rancid",6.3
"2000",6,2,52,2,"painty",2.6
"2001",6,2,63,1,"potato",5.2
"2002",6,2,63,1,"buttery",0
"2003",6,2,63,1,"grassy",0
"2004",6,2,63,1,"rancid",2.8
"2005",6,2,63,1,"painty",11.1
"2006",6,2,63,2,"potato",6.1
"2007",6,2,63,2,"buttery",0
"2008",6,2,63,2,"grassy",0
"2009",6,2,63,2,"rancid",2.8
"2010",6,2,63,2,"painty",8.8
"2011",6,2,78,1,"potato",3.4
"2012",6,2,78,1,"buttery",0
"2013",6,2,78,1,"grassy",0
"2014",6,2,78,1,"rancid",1.7
"2015",6,2,78,1,"painty",7
"2016",6,2,78,2,"potato",1.3
"2017",6,2,78,2,"buttery",0
"2018",6,2,78,2,"grassy",1.1
"2019",6,2,78,2,"rancid",0
"2020",6,2,78,2,"painty",0
"2021",6,2,79,1,"potato",5.7
"2022",6,2,79,1,"buttery",0
"2023",6,2,79,1,"grassy",0
"2024",6,2,79,1,"rancid",1.1
"2025",6,2,79,1,"painty",0
"2026",6,2,79,2,"potato",9.4
"2027",6,2,79,2,"buttery",0.8
"2028",6,2,79,2,"grassy",0
"2029",6,2,79,2,"rancid",0.5
"2030",6,2,79,2,"painty",0
"2031",6,2,86,1,"potato",6.4
"2032",6,2,86,1,"buttery",5.3
"2033",6,2,86,1,"grassy",2.7
"2034",6,2,86,1,"rancid",0
"2035",6,2,86,1,"painty",0
"2036",6,2,86,2,"potato",3.3
"2037",6,2,86,2,"buttery",0.6
"2038",6,2,86,2,"grassy",0
"2039",6,2,86,2,"rancid",5.7
"2040",6,2,86,2,"painty",0
"2041",6,3,3,1,"potato",2.2
"2042",6,3,3,1,"buttery",1
"2043",6,3,3,1,"grassy",0
"2044",6,3,3,1,"rancid",8.9
"2045",6,3,3,1,"painty",0.9
"2046",6,3,3,2,"potato",5.3
"2047",6,3,3,2,"buttery",2.2
"2048",6,3,3,2,"grassy",0
"2049",6,3,3,2,"rancid",0
"2050",6,3,3,2,"painty",4.7
"2051",6,3,10,1,"potato",10.8
"2052",6,3,10,1,"buttery",5.4
"2053",6,3,10,1,"grassy",0
"2054",6,3,10,1,"rancid",0
"2055",6,3,10,1,"painty",0
"2056",6,3,10,2,"potato",11.5
"2057",6,3,10,2,"buttery",5.5
"2058",6,3,10,2,"grassy",0
"2059",6,3,10,2,"rancid",6.8
"2060",6,3,10,2,"painty",0
"2061",6,3,15,1,"potato",1
"2062",6,3,15,1,"buttery",0.1
"2063",6,3,15,1,"grassy",0.1
"2064",6,3,15,1,"rancid",2.4
"2065",6,3,15,1,"painty",6
"2066",6,3,15,2,"potato",4.3
"2067",6,3,15,2,"buttery",0.2
"2068",6,3,15,2,"grassy",0.3
"2069",6,3,15,2,"rancid",0.6
"2070",6,3,15,2,"painty",0.5
"2071",6,3,16,1,"potato",5.3
"2072",6,3,16,1,"buttery",0.8
"2073",6,3,16,1,"grassy",3.1
"2074",6,3,16,1,"rancid",9.8
"2075",6,3,16,1,"painty",1.3
"2076",6,3,16,2,"potato",12.1
"2077",6,3,16,2,"buttery",5.1
"2078",6,3,16,2,"grassy",0.9
"2079",6,3,16,2,"rancid",3.2
"2080",6,3,16,2,"painty",0.2
"2081",6,3,19,1,"potato",10.6
"2082",6,3,19,1,"buttery",1
"2083",6,3,19,1,"grassy",0
"2084",6,3,19,1,"rancid",0
"2085",6,3,19,1,"painty",0
"2086",6,3,19,2,"potato",6.1
"2087",6,3,19,2,"buttery",3.6
"2088",6,3,19,2,"grassy",0
"2089",6,3,19,2,"rancid",13
"2090",6,3,19,2,"painty",6
"2091",6,3,31,1,"potato",8.3
"2092",6,3,31,1,"buttery",0
"2093",6,3,31,1,"grassy",0
"2094",6,3,31,1,"rancid",3.8
"2095",6,3,31,1,"painty",0.3
"2096",6,3,31,2,"potato",8.1
"2097",6,3,31,2,"buttery",0
"2098",6,3,31,2,"grassy",2.5
"2099",6,3,31,2,"rancid",7.2
"2100",6,3,31,2,"painty",9.7
"2101",6,3,51,1,"potato",12.4
"2102",6,3,51,1,"buttery",4.5
"2103",6,3,51,1,"grassy",0.9
"2104",6,3,51,1,"rancid",5.4
"2105",6,3,51,1,"painty",2
"2106",6,3,51,2,"potato",8.5
"2107",6,3,51,2,"buttery",2.5
"2108",6,3,51,2,"grassy",2.3
"2109",6,3,51,2,"rancid",5.9
"2110",6,3,51,2,"painty",0
"2111",6,3,52,1,"potato",4.4
"2112",6,3,52,1,"buttery",0
"2113",6,3,52,1,"grassy",0.8
"2114",6,3,52,1,"rancid",6.3
"2115",6,3,52,1,"painty",0.4
"2116",6,3,52,2,"potato",3.9
"2117",6,3,52,2,"buttery",0
"2118",6,3,52,2,"grassy",1.1
"2119",6,3,52,2,"rancid",5.2
"2120",6,3,52,2,"painty",0.4
"2121",6,3,63,1,"potato",6.5
"2122",6,3,63,1,"buttery",0
"2123",6,3,63,1,"grassy",0
"2124",6,3,63,1,"rancid",4.7
"2125",6,3,63,1,"painty",1.7
"2126",6,3,63,2,"potato",11.4
"2127",6,3,63,2,"buttery",0
"2128",6,3,63,2,"grassy",0
"2129",6,3,63,2,"rancid",2.8
"2130",6,3,63,2,"painty",0.8
"2131",6,3,78,1,"potato",5.5
"2132",6,3,78,1,"buttery",0
"2133",6,3,78,1,"grassy",1.5
"2134",6,3,78,1,"rancid",1.8
"2135",6,3,78,1,"painty",2.9
"2136",6,3,78,2,"potato",4.3
"2137",6,3,78,2,"buttery",0
"2138",6,3,78,2,"grassy",1.2
"2139",6,3,78,2,"rancid",0
"2140",6,3,78,2,"painty",2.4
"2141",6,3,79,1,"potato",8.4
"2142",6,3,79,1,"buttery",0
"2143",6,3,79,1,"grassy",0.5
"2144",6,3,79,1,"rancid",1
"2145",6,3,79,1,"painty",0
"2146",6,3,79,2,"potato",8.8
"2147",6,3,79,2,"buttery",0
"2148",6,3,79,2,"grassy",0
"2149",6,3,79,2,"rancid",1.1
"2150",6,3,79,2,"painty",0
"2151",6,3,86,1,"potato",2.2
"2152",6,3,86,1,"buttery",1.2
"2153",6,3,86,1,"grassy",0
"2154",6,3,86,1,"rancid",2.8
"2155",6,3,86,1,"painty",0
"2156",6,3,86,2,"potato",4.1
"2157",6,3,86,2,"buttery",0
"2158",6,3,86,2,"grassy",0
"2159",6,3,86,2,"rancid",4.4
"2160",6,3,86,2,"painty",1.1
"2161",7,1,3,1,"potato",2.9
"2162",7,1,3,1,"buttery",0
"2163",7,1,3,1,"grassy",0
"2164",7,1,3,1,"rancid",0
"2165",7,1,3,1,"painty",5.5
"2166",7,1,3,2,"potato",0.8
"2167",7,1,3,2,"buttery",0
"2168",7,1,3,2,"grassy",0
"2169",7,1,3,2,"rancid",0
"2170",7,1,3,2,"painty",8.2
"2171",7,1,10,1,"potato",11
"2172",7,1,10,1,"buttery",6.4
"2173",7,1,10,1,"grassy",0
"2174",7,1,10,1,"rancid",0
"2175",7,1,10,1,"painty",0
"2176",7,1,10,2,"potato",8.7
"2177",7,1,10,2,"buttery",3.7
"2178",7,1,10,2,"grassy",0
"2179",7,1,10,2,"rancid",5.1
"2180",7,1,10,2,"painty",0
"2181",7,1,15,1,"potato",1.2
"2182",7,1,15,1,"buttery",0.1
"2183",7,1,15,1,"grassy",0
"2184",7,1,15,1,"rancid",1.1
"2185",7,1,15,1,"painty",5.1
"2186",7,1,15,2,"potato",2.9
"2187",7,1,15,2,"buttery",0
"2188",7,1,15,2,"grassy",0
"2189",7,1,15,2,"rancid",5.5
"2190",7,1,15,2,"painty",2.7
"2191",7,1,16,1,"potato",9
"2192",7,1,16,1,"buttery",2.6
"2193",7,1,16,1,"grassy",0.4
"2194",7,1,16,1,"rancid",0.1
"2195",7,1,16,1,"painty",0.2
"2196",7,1,16,2,"potato",7.2
"2197",7,1,16,2,"buttery",5.7
"2198",7,1,16,2,"grassy",0.1
"2199",7,1,16,2,"rancid",0
"2200",7,1,16,2,"painty",0.1
"2201",7,1,19,1,"potato",7
"2202",7,1,19,1,"buttery",3.2
"2203",7,1,19,1,"grassy",0
"2204",7,1,19,1,"rancid",4.9
"2205",7,1,19,1,"painty",3.2
"2206",7,1,19,2,"potato",5.5
"2207",7,1,19,2,"buttery",1.5
"2208",7,1,19,2,"grassy",0
"2209",7,1,19,2,"rancid",0
"2210",7,1,19,2,"painty",0
"2211",7,1,31,1,"potato",12.2
"2212",7,1,31,1,"buttery",0
"2213",7,1,31,1,"grassy",0
"2214",7,1,31,1,"rancid",2.5
"2215",7,1,31,1,"painty",2
"2216",7,1,31,2,"potato",9.4
"2217",7,1,31,2,"buttery",0
"2218",7,1,31,2,"grassy",0
"2219",7,1,31,2,"rancid",5.6
"2220",7,1,31,2,"painty",0
"2221",7,1,51,1,"potato",8.6
"2222",7,1,51,1,"buttery",1.7
"2223",7,1,51,1,"grassy",0.1
"2224",7,1,51,1,"rancid",1.4
"2225",7,1,51,1,"painty",0.1
"2226",7,1,51,2,"potato",14.1
"2227",7,1,51,2,"buttery",1.4
"2228",7,1,51,2,"grassy",0
"2229",7,1,51,2,"rancid",4.5
"2230",7,1,51,2,"painty",0
"2231",7,1,52,1,"potato",5.8
"2232",7,1,52,1,"buttery",0
"2233",7,1,52,1,"grassy",1.7
"2234",7,1,52,1,"rancid",8.5
"2235",7,1,52,1,"painty",1.1
"2236",7,1,52,2,"potato",3.2
"2237",7,1,52,2,"buttery",0.1
"2238",7,1,52,2,"grassy",1.6
"2239",7,1,52,2,"rancid",9.5
"2240",7,1,52,2,"painty",2.1
"2241",7,1,63,1,"potato",8.3
"2242",7,1,63,1,"buttery",0
"2243",7,1,63,1,"grassy",0
"2244",7,1,63,1,"rancid",1.1
"2245",7,1,63,1,"painty",0.4
"2246",7,1,63,2,"potato",6.2
"2247",7,1,63,2,"buttery",0
"2248",7,1,63,2,"grassy",0
"2249",7,1,63,2,"rancid",5.1
"2250",7,1,63,2,"painty",2.1
"2251",7,1,78,1,"potato",4.9
"2252",7,1,78,1,"buttery",1.2
"2253",7,1,78,1,"grassy",0
"2254",7,1,78,1,"rancid",1.1
"2255",7,1,78,1,"painty",3.5
"2256",7,1,78,2,"potato",0.5
"2257",7,1,78,2,"buttery",1
"2258",7,1,78,2,"grassy",0
"2259",7,1,78,2,"rancid",0
"2260",7,1,78,2,"painty",2
"2261",7,1,79,1,"potato",5.1
"2262",7,1,79,1,"buttery",0
"2263",7,1,79,1,"grassy",0
"2264",7,1,79,1,"rancid",2
"2265",7,1,79,1,"painty",0
"2266",7,1,79,2,"potato",9.9
"2267",7,1,79,2,"buttery",0
"2268",7,1,79,2,"grassy",0
"2269",7,1,79,2,"rancid",0
"2270",7,1,79,2,"painty",0
"2271",7,1,86,1,"potato",5.2
"2272",7,1,86,1,"buttery",1.2
"2273",7,1,86,1,"grassy",0
"2274",7,1,86,1,"rancid",7.9
"2275",7,1,86,1,"painty",4.9
"2276",7,1,86,2,"potato",1.2
"2277",7,1,86,2,"buttery",0
"2278",7,1,86,2,"grassy",0
"2279",7,1,86,2,"rancid",11
"2280",7,1,86,2,"painty",9.5
"2281",7,2,3,1,"potato",1.5
"2282",7,2,3,1,"buttery",0.6
"2283",7,2,3,1,"grassy",0
"2284",7,2,3,1,"rancid",0
"2285",7,2,3,1,"painty",7.6
"2286",7,2,3,2,"potato",3.5
"2287",7,2,3,2,"buttery",1.2
"2288",7,2,3,2,"grassy",0
"2289",7,2,3,2,"rancid",0
"2290",7,2,3,2,"painty",7.9
"2291",7,2,10,1,"potato",10.5
"2292",7,2,10,1,"buttery",9
"2293",7,2,10,1,"grassy",0
"2294",7,2,10,1,"rancid",0
"2295",7,2,10,1,"painty",0
"2296",7,2,10,2,"potato",9.6
"2297",7,2,10,2,"buttery",4.4
"2298",7,2,10,2,"grassy",0
"2299",7,2,10,2,"rancid",6.1
"2300",7,2,10,2,"painty",0
"2301",7,2,15,1,"potato",0.4
"2302",7,2,15,1,"buttery",0.1
"2303",7,2,15,1,"grassy",0.2
"2304",7,2,15,1,"rancid",1.3
"2305",7,2,15,1,"painty",4.7
"2306",7,2,15,2,"potato",1.7
"2307",7,2,15,2,"buttery",0
"2308",7,2,15,2,"grassy",0
"2309",7,2,15,2,"rancid",3.4
"2310",7,2,15,2,"painty",1.8
"2311",7,2,16,1,"potato",3.7
"2312",7,2,16,1,"buttery",1.6
"2313",7,2,16,1,"grassy",0
"2314",7,2,16,1,"rancid",1.5
"2315",7,2,16,1,"painty",0
"2316",7,2,16,2,"potato",8.1
"2317",7,2,16,2,"buttery",5.6
"2318",7,2,16,2,"grassy",0.3
"2319",7,2,16,2,"rancid",0.2
"2320",7,2,16,2,"painty",0.1
"2321",7,2,19,1,"potato",6.5
"2322",7,2,19,1,"buttery",0
"2323",7,2,19,1,"grassy",0
"2324",7,2,19,1,"rancid",6.6
"2325",7,2,19,1,"painty",8.9
"2326",7,2,19,2,"potato",9.3
"2327",7,2,19,2,"buttery",0
"2328",7,2,19,2,"grassy",6.7
"2329",7,2,19,2,"rancid",10.9
"2330",7,2,19,2,"painty",3
"2331",7,2,31,1,"potato",6.1
"2332",7,2,31,1,"buttery",0
"2333",7,2,31,1,"grassy",0
"2334",7,2,31,1,"rancid",6
"2335",7,2,31,1,"painty",8.5
"2336",7,2,31,2,"potato",7
"2337",7,2,31,2,"buttery",0
"2338",7,2,31,2,"grassy",0
"2339",7,2,31,2,"rancid",8.5
"2340",7,2,31,2,"painty",3
"2341",7,2,51,1,"potato",7.3
"2342",7,2,51,1,"buttery",2.5
"2343",7,2,51,1,"grassy",0
"2344",7,2,51,1,"rancid",5
"2345",7,2,51,1,"painty",5.3
"2346",7,2,51,2,"potato",12.4
"2347",7,2,51,2,"buttery",4.4
"2348",7,2,51,2,"grassy",3.2
"2349",7,2,51,2,"rancid",0
"2350",7,2,51,2,"painty",0.1
"2351",7,2,52,1,"potato",4.1
"2352",7,2,52,1,"buttery",0.3
"2353",7,2,52,1,"grassy",1.5
"2354",7,2,52,1,"rancid",8.8
"2355",7,2,52,1,"painty",2.6
"2356",7,2,52,2,"potato",4.2
"2357",7,2,52,2,"buttery",0
"2358",7,2,52,2,"grassy",1.3
"2359",7,2,52,2,"rancid",10.5
"2360",7,2,52,2,"painty",1.4
"2361",7,2,63,1,"potato",10.4
"2362",7,2,63,1,"buttery",0.5
"2363",7,2,63,1,"grassy",0
"2364",7,2,63,1,"rancid",3.2
"2365",7,2,63,1,"painty",6.9
"2366",7,2,63,2,"potato",9.8
"2367",7,2,63,2,"buttery",0
"2368",7,2,63,2,"grassy",0
"2369",7,2,63,2,"rancid",0.3
"2370",7,2,63,2,"painty",1.3
"2371",7,2,78,1,"potato",1.3
"2372",7,2,78,1,"buttery",0
"2373",7,2,78,1,"grassy",0
"2374",7,2,78,1,"rancid",1.9
"2375",7,2,78,1,"painty",1.5
"2376",7,2,78,2,"potato",1.4
"2377",7,2,78,2,"buttery",1
"2378",7,2,78,2,"grassy",0
"2379",7,2,78,2,"rancid",0
"2380",7,2,78,2,"painty",0
"2381",7,2,79,1,"potato",7.3
"2382",7,2,79,1,"buttery",NA
"2383",7,2,79,1,"grassy",0
"2384",7,2,79,1,"rancid",0.7
"2385",7,2,79,1,"painty",0
"2386",7,2,79,2,"potato",6.6
"2387",7,2,79,2,"buttery",0
"2388",7,2,79,2,"grassy",0
"2389",7,2,79,2,"rancid",2
"2390",7,2,79,2,"painty",0
"2391",7,2,86,1,"potato",1.2
"2392",7,2,86,1,"buttery",0
"2393",7,2,86,1,"grassy",0
"2394",7,2,86,1,"rancid",10.1
"2395",7,2,86,1,"painty",7.3
"2396",7,2,86,2,"potato",3.6
"2397",7,2,86,2,"buttery",0
"2398",7,2,86,2,"grassy",0
"2399",7,2,86,2,"rancid",5.1
"2400",7,2,86,2,"painty",1.1
"2401",7,3,3,1,"potato",0.9
"2402",7,3,3,1,"buttery",0.7
"2403",7,3,3,1,"grassy",0
"2404",7,3,3,1,"rancid",0
"2405",7,3,3,1,"painty",3
"2406",7,3,3,2,"potato",2.6
"2407",7,3,3,2,"buttery",0.9
"2408",7,3,3,2,"grassy",0
"2409",7,3,3,2,"rancid",0
"2410",7,3,3,2,"painty",9.8
"2411",7,3,10,1,"potato",7.1
"2412",7,3,10,1,"buttery",2.7
"2413",7,3,10,1,"grassy",0
"2414",7,3,10,1,"rancid",7.4
"2415",7,3,10,1,"painty",0
"2416",7,3,10,2,"potato",9.5
"2417",7,3,10,2,"buttery",8.1
"2418",7,3,10,2,"grassy",0
"2419",7,3,10,2,"rancid",3.9
"2420",7,3,10,2,"painty",0
"2421",7,3,15,1,"potato",1.2
"2422",7,3,15,1,"buttery",0
"2423",7,3,15,1,"grassy",0
"2424",7,3,15,1,"rancid",5.4
"2425",7,3,15,1,"painty",3.8
"2426",7,3,15,2,"potato",1
"2427",7,3,15,2,"buttery",0.1
"2428",7,3,15,2,"grassy",0.1
"2429",7,3,15,2,"rancid",3.1
"2430",7,3,15,2,"painty",6
"2431",7,3,16,1,"potato",12.7
"2432",7,3,16,1,"buttery",5.1
"2433",7,3,16,1,"grassy",0
"2434",7,3,16,1,"rancid",0.6
"2435",7,3,16,1,"painty",0
"2436",7,3,16,2,"potato",10.8
"2437",7,3,16,2,"buttery",7.5
"2438",7,3,16,2,"grassy",0.1
"2439",7,3,16,2,"rancid",1.2
"2440",7,3,16,2,"painty",0
"2441",7,3,19,1,"potato",8.6
"2442",7,3,19,1,"buttery",0
"2443",7,3,19,1,"grassy",0
"2444",7,3,19,1,"rancid",10.4
"2445",7,3,19,1,"painty",0
"2446",7,3,19,2,"potato",9
"2447",7,3,19,2,"buttery",0
"2448",7,3,19,2,"grassy",0
"2449",7,3,19,2,"rancid",13
"2450",7,3,19,2,"painty",11.5
"2451",7,3,31,1,"potato",6.4
"2452",7,3,31,1,"buttery",0
"2453",7,3,31,1,"grassy",0
"2454",7,3,31,1,"rancid",5
"2455",7,3,31,1,"painty",3.6
"2456",7,3,31,2,"potato",12
"2457",7,3,31,2,"buttery",0.4
"2458",7,3,31,2,"grassy",0
"2459",7,3,31,2,"rancid",11.3
"2460",7,3,31,2,"painty",8
"2461",7,3,51,1,"potato",9.4
"2462",7,3,51,1,"buttery",2.2
"2463",7,3,51,1,"grassy",2.9
"2464",7,3,51,1,"rancid",8.4
"2465",7,3,51,1,"painty",1.6
"2466",7,3,51,2,"potato",8.7
"2467",7,3,51,2,"buttery",4.6
"2468",7,3,51,2,"grassy",1.1
"2469",7,3,51,2,"rancid",4.5
"2470",7,3,51,2,"painty",4.9
"2471",7,3,52,1,"potato",6.4
"2472",7,3,52,1,"buttery",0.3
"2473",7,3,52,1,"grassy",1.1
"2474",7,3,52,1,"rancid",7
"2475",7,3,52,1,"painty",0
"2476",7,3,52,2,"potato",5.7
"2477",7,3,52,2,"buttery",0.8
"2478",7,3,52,2,"grassy",3.7
"2479",7,3,52,2,"rancid",6
"2480",7,3,52,2,"painty",0.2
"2481",7,3,63,1,"potato",9.5
"2482",7,3,63,1,"buttery",0
"2483",7,3,63,1,"grassy",0
"2484",7,3,63,1,"rancid",1.4
"2485",7,3,63,1,"painty",0
"2486",7,3,63,2,"potato",10.7
"2487",7,3,63,2,"buttery",0.5
"2488",7,3,63,2,"grassy",0
"2489",7,3,63,2,"rancid",8.1
"2490",7,3,63,2,"painty",0.9
"2491",7,3,78,1,"potato",4.3
"2492",7,3,78,1,"buttery",0
"2493",7,3,78,1,"grassy",0
"2494",7,3,78,1,"rancid",3.4
"2495",7,3,78,1,"painty",6.2
"2496",7,3,78,2,"potato",0.2
"2497",7,3,78,2,"buttery",0
"2498",7,3,78,2,"grassy",0
"2499",7,3,78,2,"rancid",1
"2500",7,3,78,2,"painty",3.5
"2501",7,3,79,1,"potato",7.2
"2502",7,3,79,1,"buttery",0
"2503",7,3,79,1,"grassy",0
"2504",7,3,79,1,"rancid",0.7
"2505",7,3,79,1,"painty",0.5
"2506",7,3,79,2,"potato",6.5
"2507",7,3,79,2,"buttery",0
"2508",7,3,79,2,"grassy",0
"2509",7,3,79,2,"rancid",1.5
"2510",7,3,79,2,"painty",0
"2511",7,3,86,1,"potato",3
"2512",7,3,86,1,"buttery",2.3
"2513",7,3,86,1,"grassy",2.8
"2514",7,3,86,1,"rancid",0
"2515",7,3,86,1,"painty",0
"2516",7,3,86,2,"potato",2.4
"2517",7,3,86,2,"buttery",0
"2518",7,3,86,2,"grassy",1.4
"2519",7,3,86,2,"rancid",7.5
"2520",7,3,86,2,"painty",4
"2521",8,1,3,1,"potato",3.5
"2522",8,1,3,1,"buttery",0.5
"2523",8,1,3,1,"grassy",1.3
"2524",8,1,3,1,"rancid",0
"2525",8,1,3,1,"painty",3.8
"2526",8,1,3,2,"potato",0.6
"2527",8,1,3,2,"buttery",0.3
"2528",8,1,3,2,"grassy",0
"2529",8,1,3,2,"rancid",0
"2530",8,1,3,2,"painty",8.1
"2531",8,1,10,1,"potato",10.2
"2532",8,1,10,1,"buttery",8.2
"2533",8,1,10,1,"grassy",0
"2534",8,1,10,1,"rancid",5.2
"2535",8,1,10,1,"painty",0
"2536",8,1,10,2,"potato",8.6
"2537",8,1,10,2,"buttery",4
"2538",8,1,10,2,"grassy",0
"2539",8,1,10,2,"rancid",8.6
"2540",8,1,10,2,"painty",3.5
"2541",8,1,15,1,"potato",1.9
"2542",8,1,15,1,"buttery",1.9
"2543",8,1,15,1,"grassy",0.1
"2544",8,1,15,1,"rancid",3.9
"2545",8,1,15,1,"painty",5.4
"2546",8,1,15,2,"potato",0.6
"2547",8,1,15,2,"buttery",0
"2548",8,1,15,2,"grassy",0
"2549",8,1,15,2,"rancid",6.2
"2550",8,1,15,2,"painty",2.6
"2551",8,1,16,1,"potato",2.4
"2552",8,1,16,1,"buttery",1
"2553",8,1,16,1,"grassy",1.8
"2554",8,1,16,1,"rancid",9.7
"2555",8,1,16,1,"painty",2.9
"2556",8,1,16,2,"potato",0.9
"2557",8,1,16,2,"buttery",0.3
"2558",8,1,16,2,"grassy",0.2
"2559",8,1,16,2,"rancid",2.4
"2560",8,1,16,2,"painty",2.7
"2561",8,1,19,1,"potato",5.4
"2562",8,1,19,1,"buttery",3.5
"2563",8,1,19,1,"grassy",0
"2564",8,1,19,1,"rancid",2.1
"2565",8,1,19,1,"painty",0
"2566",8,1,19,2,"potato",11
"2567",8,1,19,2,"buttery",0
"2568",8,1,19,2,"grassy",11.1
"2569",8,1,19,2,"rancid",10
"2570",8,1,19,2,"painty",2
"2571",8,1,31,1,"potato",4
"2572",8,1,31,1,"buttery",0
"2573",8,1,31,1,"grassy",0
"2574",8,1,31,1,"rancid",10
"2575",8,1,31,1,"painty",1.2
"2576",8,1,31,2,"potato",6.6
"2577",8,1,31,2,"buttery",0
"2578",8,1,31,2,"grassy",0
"2579",8,1,31,2,"rancid",10.8
"2580",8,1,31,2,"painty",10.3
"2581",8,1,51,1,"potato",14.9
"2582",8,1,51,1,"buttery",0.8
"2583",8,1,51,1,"grassy",0.7
"2584",8,1,51,1,"rancid",1
"2585",8,1,51,1,"painty",0
"2586",8,1,51,2,"potato",11.5
"2587",8,1,51,2,"buttery",1.3
"2588",8,1,51,2,"grassy",0
"2589",8,1,51,2,"rancid",1
"2590",8,1,51,2,"painty",3.8
"2591",8,1,52,1,"potato",2.1
"2592",8,1,52,1,"buttery",0
"2593",8,1,52,1,"grassy",0
"2594",8,1,52,1,"rancid",4.9
"2595",8,1,52,1,"painty",6.5
"2596",8,1,52,2,"potato",1.7
"2597",8,1,52,2,"buttery",0
"2598",8,1,52,2,"grassy",0
"2599",8,1,52,2,"rancid",3.3
"2600",8,1,52,2,"painty",6.4
"2601",8,1,63,1,"potato",5.9
"2602",8,1,63,1,"buttery",0
"2603",8,1,63,1,"grassy",0
"2604",8,1,63,1,"rancid",12.4
"2605",8,1,63,1,"painty",9.2
"2606",8,1,63,2,"potato",3.8
"2607",8,1,63,2,"buttery",0
"2608",8,1,63,2,"grassy",0
"2609",8,1,63,2,"rancid",10.5
"2610",8,1,63,2,"painty",12.9
"2611",8,1,78,1,"potato",1.5
"2612",8,1,78,1,"buttery",0
"2613",8,1,78,1,"grassy",0
"2614",8,1,78,1,"rancid",0
"2615",8,1,78,1,"painty",1.3
"2616",8,1,78,2,"potato",1.6
"2617",8,1,78,2,"buttery",0.9
"2618",8,1,78,2,"grassy",0
"2619",8,1,78,2,"rancid",7.2
"2620",8,1,78,2,"painty",8.3
"2621",8,1,79,1,"potato",10.5
"2622",8,1,79,1,"buttery",NA
"2623",8,1,79,1,"grassy",0
"2624",8,1,79,1,"rancid",0.5
"2625",8,1,79,1,"painty",0
"2626",8,1,79,2,"potato",9.8
"2627",8,1,79,2,"buttery",0
"2628",8,1,79,2,"grassy",0
"2629",8,1,79,2,"rancid",0
"2630",8,1,79,2,"painty",0
"2631",8,1,86,1,"potato",3.8
"2632",8,1,86,1,"buttery",0
"2633",8,1,86,1,"grassy",0
"2634",8,1,86,1,"rancid",11.6
"2635",8,1,86,1,"painty",7.6
"2636",8,1,86,2,"potato",1.4
"2637",8,1,86,2,"buttery",0
"2638",8,1,86,2,"grassy",0
"2639",8,1,86,2,"rancid",8
"2640",8,1,86,2,"painty",11.6
"2641",8,2,3,1,"potato",0.9
"2642",8,2,3,1,"buttery",0.3
"2643",8,2,3,1,"grassy",0
"2644",8,2,3,1,"rancid",0
"2645",8,2,3,1,"painty",6.8
"2646",8,2,3,2,"potato",0.5
"2647",8,2,3,2,"buttery",0.3
"2648",8,2,3,2,"grassy",0
"2649",8,2,3,2,"rancid",0
"2650",8,2,3,2,"painty",7.6
"2651",8,2,10,1,"potato",10.9
"2652",8,2,10,1,"buttery",4.6
"2653",8,2,10,1,"grassy",0
"2654",8,2,10,1,"rancid",0
"2655",8,2,10,1,"painty",0
"2656",8,2,10,2,"potato",10.3
"2657",8,2,10,2,"buttery",9.3
"2658",8,2,10,2,"grassy",0
"2659",8,2,10,2,"rancid",2.6
"2660",8,2,10,2,"painty",0
"2661",8,2,15,1,"potato",3.2
"2662",8,2,15,1,"buttery",0.1
"2663",8,2,15,1,"grassy",0.3
"2664",8,2,15,1,"rancid",1
"2665",8,2,15,1,"painty",3.6
"2666",8,2,15,2,"potato",2.3
"2667",8,2,15,2,"buttery",0
"2668",8,2,15,2,"grassy",0.1
"2669",8,2,15,2,"rancid",3.1
"2670",8,2,15,2,"painty",5.6
"2671",8,2,16,1,"potato",4.5
"2672",8,2,16,1,"buttery",NA
"2673",8,2,16,1,"grassy",1.4
"2674",8,2,16,1,"rancid",6.7
"2675",8,2,16,1,"painty",0
"2676",8,2,16,2,"potato",5.3
"2677",8,2,16,2,"buttery",3.5
"2678",8,2,16,2,"grassy",0.2
"2679",8,2,16,2,"rancid",1.5
"2680",8,2,16,2,"painty",0
"2681",8,2,19,1,"potato",11.2
"2682",8,2,19,1,"buttery",2.2
"2683",8,2,19,1,"grassy",0
"2684",8,2,19,1,"rancid",4.1
"2685",8,2,19,1,"painty",0
"2686",8,2,19,2,"potato",8.7
"2687",8,2,19,2,"buttery",5.2
"2688",8,2,19,2,"grassy",0
"2689",8,2,19,2,"rancid",0
"2690",8,2,19,2,"painty",0
"2691",8,2,31,1,"potato",7.8
"2692",8,2,31,1,"buttery",1.1
"2693",8,2,31,1,"grassy",0
"2694",8,2,31,1,"rancid",3.9
"2695",8,2,31,1,"painty",0
"2696",8,2,31,2,"potato",9.9
"2697",8,2,31,2,"buttery",1
"2698",8,2,31,2,"grassy",0
"2699",8,2,31,2,"rancid",5.5
"2700",8,2,31,2,"painty",9.1
"2701",8,2,51,1,"potato",13.8
"2702",8,2,51,1,"buttery",1.4
"2703",8,2,51,1,"grassy",2
"2704",8,2,51,1,"rancid",1.2
"2705",8,2,51,1,"painty",0
"2706",8,2,51,2,"potato",8.5
"2707",8,2,51,2,"buttery",6.2
"2708",8,2,51,2,"grassy",4.1
"2709",8,2,51,2,"rancid",4.8
"2710",8,2,51,2,"painty",2.3
"2711",8,2,52,1,"potato",3.9
"2712",8,2,52,1,"buttery",0
"2713",8,2,52,1,"grassy",0
"2714",8,2,52,1,"rancid",8.2
"2715",8,2,52,1,"painty",2.9
"2716",8,2,52,2,"potato",0
"2717",8,2,52,2,"buttery",0
"2718",8,2,52,2,"grassy",0
"2719",8,2,52,2,"rancid",0.5
"2720",8,2,52,2,"painty",8.7
"2721",8,2,63,1,"potato",3.9
"2722",8,2,63,1,"buttery",0
"2723",8,2,63,1,"grassy",0
"2724",8,2,63,1,"rancid",11.4
"2725",8,2,63,1,"painty",9.7
"2726",8,2,63,2,"potato",5.7
"2727",8,2,63,2,"buttery",0
"2728",8,2,63,2,"grassy",0
"2729",8,2,63,2,"rancid",8.6
"2730",8,2,63,2,"painty",4.2
"2731",8,2,78,1,"potato",4
"2732",8,2,78,1,"buttery",0
"2733",8,2,78,1,"grassy",0
"2734",8,2,78,1,"rancid",3
"2735",8,2,78,1,"painty",3.6
"2736",8,2,78,2,"potato",2.1
"2737",8,2,78,2,"buttery",1.2
"2738",8,2,78,2,"grassy",0
"2739",8,2,78,2,"rancid",7.2
"2740",8,2,78,2,"painty",6.3
"2741",8,2,79,1,"potato",8.2
"2742",8,2,79,1,"buttery",0
"2743",8,2,79,1,"grassy",0
"2744",8,2,79,1,"rancid",1
"2745",8,2,79,1,"painty",0
"2746",8,2,79,2,"potato",5.7
"2747",8,2,79,2,"buttery",0
"2748",8,2,79,2,"grassy",1.4
"2749",8,2,79,2,"rancid",2.3
"2750",8,2,79,2,"painty",NA
"2751",8,2,86,1,"potato",1.3
"2752",8,2,86,1,"buttery",0
"2753",8,2,86,1,"grassy",0
"2754",8,2,86,1,"rancid",8.8
"2755",8,2,86,1,"painty",10.5
"2756",8,2,86,2,"potato",2.8
"2757",8,2,86,2,"buttery",0
"2758",8,2,86,2,"grassy",0
"2759",8,2,86,2,"rancid",6.4
"2760",8,2,86,2,"painty",8
"2761",8,3,3,1,"potato",1.5
"2762",8,3,3,1,"buttery",0.6
"2763",8,3,3,1,"grassy",0
"2764",8,3,3,1,"rancid",0
"2765",8,3,3,1,"painty",5.9
"2766",8,3,3,2,"potato",0.5
"2767",8,3,3,2,"buttery",0.5
"2768",8,3,3,2,"grassy",0
"2769",8,3,3,2,"rancid",0
"2770",8,3,3,2,"painty",11.3
"2771",8,3,10,1,"potato",10
"2772",8,3,10,1,"buttery",6
"2773",8,3,10,1,"grassy",0
"2774",8,3,10,1,"rancid",1
"2775",8,3,10,1,"painty",0
"2776",8,3,10,2,"potato",10.9
"2777",8,3,10,2,"buttery",4.5
"2778",8,3,10,2,"grassy",0
"2779",8,3,10,2,"rancid",6.4
"2780",8,3,10,2,"painty",0
"2781",8,3,15,1,"potato",0.6
"2782",8,3,15,1,"buttery",0
"2783",8,3,15,1,"grassy",0
"2784",8,3,15,1,"rancid",0.6
"2785",8,3,15,1,"painty",3.4
"2786",8,3,15,2,"potato",0.2
"2787",8,3,15,2,"buttery",0.1
"2788",8,3,15,2,"grassy",0.2
"2789",8,3,15,2,"rancid",2
"2790",8,3,15,2,"painty",6.8
"2791",8,3,16,1,"potato",2.2
"2792",8,3,16,1,"buttery",0.9
"2793",8,3,16,1,"grassy",0.5
"2794",8,3,16,1,"rancid",7.8
"2795",8,3,16,1,"painty",0.1
"2796",8,3,16,2,"potato",3.3
"2797",8,3,16,2,"buttery",1.2
"2798",8,3,16,2,"grassy",0.1
"2799",8,3,16,2,"rancid",0.3
"2800",8,3,16,2,"painty",0
"2801",8,3,19,1,"potato",11.1
"2802",8,3,19,1,"buttery",2.9
"2803",8,3,19,1,"grassy",0
"2804",8,3,19,1,"rancid",0
"2805",8,3,19,1,"painty",5.3
"2806",8,3,19,2,"potato",11.5
"2807",8,3,19,2,"buttery",0
"2808",8,3,19,2,"grassy",0
"2809",8,3,19,2,"rancid",12.6
"2810",8,3,19,2,"painty",8.5
"2811",8,3,31,1,"potato",4.2
"2812",8,3,31,1,"buttery",0
"2813",8,3,31,1,"grassy",0
"2814",8,3,31,1,"rancid",6.8
"2815",8,3,31,1,"painty",3.3
"2816",8,3,31,2,"potato",8.1
"2817",8,3,31,2,"buttery",0
"2818",8,3,31,2,"grassy",0
"2819",8,3,31,2,"rancid",2
"2820",8,3,31,2,"painty",0
"2821",8,3,51,1,"potato",14.5
"2822",8,3,51,1,"buttery",5.5
"2823",8,3,51,1,"grassy",1.9
"2824",8,3,51,1,"rancid",0.1
"2825",8,3,51,1,"painty",0.1
"2826",8,3,51,2,"potato",14
"2827",8,3,51,2,"buttery",1.1
"2828",8,3,51,2,"grassy",0
"2829",8,3,51,2,"rancid",3
"2830",8,3,51,2,"painty",0.1
"2831",8,3,52,1,"potato",0
"2832",8,3,52,1,"buttery",0
"2833",8,3,52,1,"grassy",0
"2834",8,3,52,1,"rancid",3.2
"2835",8,3,52,1,"painty",7.2
"2836",8,3,52,2,"potato",3.2
"2837",8,3,52,2,"buttery",0
"2838",8,3,52,2,"grassy",0
"2839",8,3,52,2,"rancid",10.1
"2840",8,3,52,2,"painty",3.5
"2841",8,3,63,1,"potato",7.8
"2842",8,3,63,1,"buttery",0
"2843",8,3,63,1,"grassy",0
"2844",8,3,63,1,"rancid",6.6
"2845",8,3,63,1,"painty",0.4
"2846",8,3,63,2,"potato",8.6
"2847",8,3,63,2,"buttery",0.4
"2848",8,3,63,2,"grassy",0
"2849",8,3,63,2,"rancid",4.2
"2850",8,3,63,2,"painty",6.6
"2851",8,3,78,1,"potato",0.8
"2852",8,3,78,1,"buttery",0
"2853",8,3,78,1,"grassy",0
"2854",8,3,78,1,"rancid",0
"2855",8,3,78,1,"painty",0.6
"2856",8,3,78,2,"potato",3.2
"2857",8,3,78,2,"buttery",0
"2858",8,3,78,2,"grassy",0
"2859",8,3,78,2,"rancid",0.7
"2860",8,3,78,2,"painty",1.3
"2861",8,3,79,1,"potato",6.8
"2862",8,3,79,1,"buttery",0
"2863",8,3,79,1,"grassy",0
"2864",8,3,79,1,"rancid",0.5
"2865",8,3,79,1,"painty",0
"2866",8,3,79,2,"potato",5.7
"2867",8,3,79,2,"buttery",0
"2868",8,3,79,2,"grassy",0
"2869",8,3,79,2,"rancid",1.4
"2870",8,3,79,2,"painty",0
"2871",8,3,86,1,"potato",1.4
"2872",8,3,86,1,"buttery",0
"2873",8,3,86,1,"grassy",0
"2874",8,3,86,1,"rancid",10.8
"2875",8,3,86,1,"painty",7.5
"2876",8,3,86,2,"potato",1.4
"2877",8,3,86,2,"buttery",0
"2878",8,3,86,2,"grassy",0
"2879",8,3,86,2,"rancid",6.4
"2880",8,3,86,2,"painty",8.7
"2881",9,1,3,1,"potato",1.1
"2882",9,1,3,1,"buttery",0.4
"2883",9,1,3,1,"grassy",0
"2884",9,1,3,1,"rancid",0
"2885",9,1,3,1,"painty",7
"2886",9,1,3,2,"potato",2.5
"2887",9,1,3,2,"buttery",0.5
"2888",9,1,3,2,"grassy",0
"2889",9,1,3,2,"rancid",0
"2890",9,1,3,2,"painty",3.4
"2891",9,1,10,1,"potato",10.5
"2892",9,1,10,1,"buttery",8.5
"2893",9,1,10,1,"grassy",0
"2894",9,1,10,1,"rancid",2.6
"2895",9,1,10,1,"painty",0
"2896",9,1,10,2,"potato",11.2
"2897",9,1,10,2,"buttery",8.4
"2898",9,1,10,2,"grassy",0
"2899",9,1,10,2,"rancid",2.4
"2900",9,1,10,2,"painty",0
"2901",9,1,15,1,"potato",0.2
"2902",9,1,15,1,"buttery",0.1
"2903",9,1,15,1,"grassy",0.1
"2904",9,1,15,1,"rancid",5.5
"2905",9,1,15,1,"painty",10.8
"2906",9,1,15,2,"potato",1.7
"2907",9,1,15,2,"buttery",0.4
"2908",9,1,15,2,"grassy",0
"2909",9,1,15,2,"rancid",0.4
"2910",9,1,15,2,"painty",3.1
"2911",9,1,16,1,"potato",5.4
"2912",9,1,16,1,"buttery",6.7
"2913",9,1,16,1,"grassy",0.1
"2914",9,1,16,1,"rancid",6.9
"2915",9,1,16,1,"painty",0.2
"2916",9,1,16,2,"potato",8.5
"2917",9,1,16,2,"buttery",4.9
"2918",9,1,16,2,"grassy",0.1
"2919",9,1,16,2,"rancid",0.1
"2920",9,1,16,2,"painty",0
"2921",9,1,19,1,"potato",9.6
"2922",9,1,19,1,"buttery",0
"2923",9,1,19,1,"grassy",0
"2924",9,1,19,1,"rancid",9.6
"2925",9,1,19,1,"painty",2.4
"2926",9,1,19,2,"potato",9
"2927",9,1,19,2,"buttery",3
"2928",9,1,19,2,"grassy",0
"2929",9,1,19,2,"rancid",2.5
"2930",9,1,19,2,"painty",0
"2931",9,1,51,1,"potato",10.2
"2932",9,1,51,1,"buttery",0
"2933",9,1,51,1,"grassy",1.7
"2934",9,1,51,1,"rancid",9.9
"2935",9,1,51,1,"painty",3
"2936",9,1,51,2,"potato",12.7
"2937",9,1,51,2,"buttery",3.5
"2938",9,1,51,2,"grassy",0.7
"2939",9,1,51,2,"rancid",3.3
"2940",9,1,51,2,"painty",1.6
"2941",9,1,52,1,"potato",5.1
"2942",9,1,52,1,"buttery",0.2
"2943",9,1,52,1,"grassy",0
"2944",9,1,52,1,"rancid",3.9
"2945",9,1,52,1,"painty",3.7
"2946",9,1,52,2,"potato",3
"2947",9,1,52,2,"buttery",0
"2948",9,1,52,2,"grassy",0
"2949",9,1,52,2,"rancid",3.4
"2950",9,1,52,2,"painty",3.2
"2951",9,1,63,1,"potato",1.7
"2952",9,1,63,1,"buttery",0
"2953",9,1,63,1,"grassy",0
"2954",9,1,63,1,"rancid",13.3
"2955",9,1,63,1,"painty",12.8
"2956",9,1,63,2,"potato",5.3
"2957",9,1,63,2,"buttery",0
"2958",9,1,63,2,"grassy",0
"2959",9,1,63,2,"rancid",9.4
"2960",9,1,63,2,"painty",1.7
"2961",9,1,78,1,"potato",3.5
"2962",9,1,78,1,"buttery",0
"2963",9,1,78,1,"grassy",0
"2964",9,1,78,1,"rancid",4
"2965",9,1,78,1,"painty",5.2
"2966",9,1,78,2,"potato",1
"2967",9,1,78,2,"buttery",0
"2968",9,1,78,2,"grassy",0
"2969",9,1,78,2,"rancid",0
"2970",9,1,78,2,"painty",0
"2971",9,1,79,1,"potato",10.1
"2972",9,1,79,1,"buttery",0
"2973",9,1,79,1,"grassy",0
"2974",9,1,79,1,"rancid",0.2
"2975",9,1,79,1,"painty",0
"2976",9,1,79,2,"potato",9.1
"2977",9,1,79,2,"buttery",0
"2978",9,1,79,2,"grassy",0
"2979",9,1,79,2,"rancid",1.6
"2980",9,1,79,2,"painty",0
"2981",9,2,3,1,"potato",2.7
"2982",9,2,3,1,"buttery",0.2
"2983",9,2,3,1,"grassy",0
"2984",9,2,3,1,"rancid",8.9
"2985",9,2,3,1,"painty",0
"2986",9,2,3,2,"potato",1.8
"2987",9,2,3,2,"buttery",1.4
"2988",9,2,3,2,"grassy",0
"2989",9,2,3,2,"rancid",0
"2990",9,2,3,2,"painty",7
"2991",9,2,10,1,"potato",10.4
"2992",9,2,10,1,"buttery",6.7
"2993",9,2,10,1,"grassy",0
"2994",9,2,10,1,"rancid",8
"2995",9,2,10,1,"painty",10.6
"2996",9,2,10,2,"potato",11
"2997",9,2,10,2,"buttery",8.8
"2998",9,2,10,2,"grassy",0
"2999",9,2,10,2,"rancid",0
"3000",9,2,10,2,"painty",0
"3001",9,2,15,1,"potato",0.2
"3002",9,2,15,1,"buttery",0.1
"3003",9,2,15,1,"grassy",0.2
"3004",9,2,15,1,"rancid",3
"3005",9,2,15,1,"painty",10.6
"3006",9,2,15,2,"potato",0
"3007",9,2,15,2,"buttery",1.3
"3008",9,2,15,2,"grassy",0
"3009",9,2,15,2,"rancid",4.5
"3010",9,2,15,2,"painty",6.4
"3011",9,2,16,1,"potato",8.5
"3012",9,2,16,1,"buttery",2.8
"3013",9,2,16,1,"grassy",0.5
"3014",9,2,16,1,"rancid",7.9
"3015",9,2,16,1,"painty",0.1
"3016",9,2,16,2,"potato",3.8
"3017",9,2,16,2,"buttery",2.2
"3018",9,2,16,2,"grassy",0
"3019",9,2,16,2,"rancid",0
"3020",9,2,16,2,"painty",0
"3021",9,2,19,1,"potato",11.1
"3022",9,2,19,1,"buttery",3.6
"3023",9,2,19,1,"grassy",0
"3024",9,2,19,1,"rancid",8.1
"3025",9,2,19,1,"painty",0
"3026",9,2,19,2,"potato",6.2
"3027",9,2,19,2,"buttery",0
"3028",9,2,19,2,"grassy",0
"3029",9,2,19,2,"rancid",7.9
"3030",9,2,19,2,"painty",12.6
"3031",9,2,51,1,"potato",7.3
"3032",9,2,51,1,"buttery",2.3
"3033",9,2,51,1,"grassy",0
"3034",9,2,51,1,"rancid",14.9
"3035",9,2,51,1,"painty",0.1
"3036",9,2,51,2,"potato",10.6
"3037",9,2,51,2,"buttery",3.9
"3038",9,2,51,2,"grassy",0
"3039",9,2,51,2,"rancid",0
"3040",9,2,51,2,"painty",2
"3041",9,2,52,1,"potato",1.8
"3042",9,2,52,1,"buttery",0
"3043",9,2,52,1,"grassy",0
"3044",9,2,52,1,"rancid",9.6
"3045",9,2,52,1,"painty",2.5
"3046",9,2,52,2,"potato",1.6
"3047",9,2,52,2,"buttery",0
"3048",9,2,52,2,"grassy",0
"3049",9,2,52,2,"rancid",5
"3050",9,2,52,2,"painty",8.5
"3051",9,2,63,1,"potato",1.8
"3052",9,2,63,1,"buttery",0
"3053",9,2,63,1,"grassy",0
"3054",9,2,63,1,"rancid",13.7
"3055",9,2,63,1,"painty",12.3
"3056",9,2,63,2,"potato",9.1
"3057",9,2,63,2,"buttery",0
"3058",9,2,63,2,"grassy",0
"3059",9,2,63,2,"rancid",8
"3060",9,2,63,2,"painty",4.4
"3061",9,2,78,1,"potato",2
"3062",9,2,78,1,"buttery",0
"3063",9,2,78,1,"grassy",0
"3064",9,2,78,1,"rancid",4
"3065",9,2,78,1,"painty",1.6
"3066",9,2,78,2,"potato",3.4
"3067",9,2,78,2,"buttery",0
"3068",9,2,78,2,"grassy",0.9
"3069",9,2,78,2,"rancid",0
"3070",9,2,78,2,"painty",2.2
"3071",9,2,79,1,"potato",6.7
"3072",9,2,79,1,"buttery",0
"3073",9,2,79,1,"grassy",0
"3074",9,2,79,1,"rancid",0
"3075",9,2,79,1,"painty",0
"3076",9,2,79,2,"potato",9.4
"3077",9,2,79,2,"buttery",0
"3078",9,2,79,2,"grassy",0
"3079",9,2,79,2,"rancid",1.3
"3080",9,2,79,2,"painty",0
"3081",9,3,3,1,"potato",1.6
"3082",9,3,3,1,"buttery",0.5
"3083",9,3,3,1,"grassy",0
"3084",9,3,3,1,"rancid",0
"3085",9,3,3,1,"painty",4.3
"3086",9,3,3,2,"potato",0.7
"3087",9,3,3,2,"buttery",0.3
"3088",9,3,3,2,"grassy",0
"3089",9,3,3,2,"rancid",0
"3090",9,3,3,2,"painty",6.7
"3091",9,3,10,1,"potato",10.2
"3092",9,3,10,1,"buttery",8.5
"3093",9,3,10,1,"grassy",0
"3094",9,3,10,1,"rancid",3.7
"3095",9,3,10,1,"painty",1.7
"3096",9,3,10,2,"potato",7.3
"3097",9,3,10,2,"buttery",3.4
"3098",9,3,10,2,"grassy",0
"3099",9,3,10,2,"rancid",8.6
"3100",9,3,10,2,"painty",4.9
"3101",9,3,15,1,"potato",0.7
"3102",9,3,15,1,"buttery",0
"3103",9,3,15,1,"grassy",0.1
"3104",9,3,15,1,"rancid",3.4
"3105",9,3,15,1,"painty",7.3
"3106",9,3,15,2,"potato",1.5
"3107",9,3,15,2,"buttery",0
"3108",9,3,15,2,"grassy",0
"3109",9,3,15,2,"rancid",2.6
"3110",9,3,15,2,"painty",7.1
"3111",9,3,16,1,"potato",7.5
"3112",9,3,16,1,"buttery",2.6
"3113",9,3,16,1,"grassy",0.7
"3114",9,3,16,1,"rancid",6.6
"3115",9,3,16,1,"painty",0.3
"3116",9,3,16,2,"potato",3.6
"3117",9,3,16,2,"buttery",2.4
"3118",9,3,16,2,"grassy",2.4
"3119",9,3,16,2,"rancid",0.9
"3120",9,3,16,2,"painty",0
"3121",9,3,19,1,"potato",7.9
"3122",9,3,19,1,"buttery",0
"3123",9,3,19,1,"grassy",0
"3124",9,3,19,1,"rancid",13.1
"3125",9,3,19,1,"painty",8.9
"3126",9,3,19,2,"potato",9.1
"3127",9,3,19,2,"buttery",0
"3128",9,3,19,2,"grassy",7.2
"3129",9,3,19,2,"rancid",9.8
"3130",9,3,19,2,"painty",11.3
"3131",9,3,51,1,"potato",8.2
"3132",9,3,51,1,"buttery",0.4
"3133",9,3,51,1,"grassy",1.9
"3134",9,3,51,1,"rancid",4
"3135",9,3,51,1,"painty",4.2
"3136",9,3,51,2,"potato",8.9
"3137",9,3,51,2,"buttery",4.7
"3138",9,3,51,2,"grassy",0
"3139",9,3,51,2,"rancid",8.7
"3140",9,3,51,2,"painty",0
"3141",9,3,52,1,"potato",1.1
"3142",9,3,52,1,"buttery",0
"3143",9,3,52,1,"grassy",0
"3144",9,3,52,1,"rancid",4.7
"3145",9,3,52,1,"painty",4.5
"3146",9,3,52,2,"potato",4
"3147",9,3,52,2,"buttery",0
"3148",9,3,52,2,"grassy",0
"3149",9,3,52,2,"rancid",0
"3150",9,3,52,2,"painty",9.5
"3151",9,3,63,1,"potato",7.5
"3152",9,3,63,1,"buttery",0
"3153",9,3,63,1,"grassy",0
"3154",9,3,63,1,"rancid",11.7
"3155",9,3,63,1,"painty",8.4
"3156",9,3,63,2,"potato",6
"3157",9,3,63,2,"buttery",0
"3158",9,3,63,2,"grassy",0
"3159",9,3,63,2,"rancid",11.6
"3160",9,3,63,2,"painty",10.5
"3161",9,3,78,1,"potato",7.9
"3162",9,3,78,1,"buttery",1
"3163",9,3,78,1,"grassy",0
"3164",9,3,78,1,"rancid",2.8
"3165",9,3,78,1,"painty",3.8
"3166",9,3,78,2,"potato",0
"3167",9,3,78,2,"buttery",0
"3168",9,3,78,2,"grassy",0
"3169",9,3,78,2,"rancid",0
"3170",9,3,78,2,"painty",0
"3171",9,3,79,1,"potato",7.8
"3172",9,3,79,1,"buttery",0
"3173",9,3,79,1,"grassy",0
"3174",9,3,79,1,"rancid",3.8
"3175",9,3,79,1,"painty",0
"3176",9,3,79,2,"potato",8.1
"3177",9,3,79,2,"buttery",1.5
"3178",9,3,79,2,"grassy",0
"3179",9,3,79,2,"rancid",0.4
"3180",9,3,79,2,"painty",0
"3181",10,1,10,1,"potato",10.6
"3182",10,1,10,1,"buttery",7.1
"3183",10,1,10,1,"grassy",1.6
"3184",10,1,10,1,"rancid",5.4
"3185",10,1,10,1,"painty",8.2
"3186",10,1,10,2,"potato",12.1
"3187",10,1,10,2,"buttery",8.5
"3188",10,1,10,2,"grassy",0
"3189",10,1,10,2,"rancid",4
"3190",10,1,10,2,"painty",2.9
"3191",10,1,15,1,"potato",0.1
"3192",10,1,15,1,"buttery",0.1
"3193",10,1,15,1,"grassy",0.1
"3194",10,1,15,1,"rancid",10.8
"3195",10,1,15,1,"painty",2.7
"3196",10,1,15,2,"potato",1.7
"3197",10,1,15,2,"buttery",0.1
"3198",10,1,15,2,"grassy",0.1
"3199",10,1,15,2,"rancid",7.4
"3200",10,1,15,2,"painty",1
"3201",10,1,16,1,"potato",3
"3202",10,1,16,1,"buttery",7
"3203",10,1,16,1,"grassy",0
"3204",10,1,16,1,"rancid",9.1
"3205",10,1,16,1,"painty",2.7
"3206",10,1,16,2,"potato",3.8
"3207",10,1,16,2,"buttery",7.8
"3208",10,1,16,2,"grassy",0
"3209",10,1,16,2,"rancid",8.5
"3210",10,1,16,2,"painty",3.1
"3211",10,1,19,1,"potato",11.4
"3212",10,1,19,1,"buttery",1.6
"3213",10,1,19,1,"grassy",0
"3214",10,1,19,1,"rancid",2.7
"3215",10,1,19,1,"painty",0
"3216",10,1,19,2,"potato",11.8
"3217",10,1,19,2,"buttery",3.2
"3218",10,1,19,2,"grassy",2.7
"3219",10,1,19,2,"rancid",8.6
"3220",10,1,19,2,"painty",3.6
"3221",10,1,31,1,"potato",9.5
"3222",10,1,31,1,"buttery",0
"3223",10,1,31,1,"grassy",0
"3224",10,1,31,1,"rancid",10.7
"3225",10,1,31,1,"painty",12.6
"3226",10,1,31,2,"potato",5.3
"3227",10,1,31,2,"buttery",0
"3228",10,1,31,2,"grassy",0
"3229",10,1,31,2,"rancid",2.8
"3230",10,1,31,2,"painty",11.4
"3231",10,1,51,1,"potato",7.6
"3232",10,1,51,1,"buttery",2.2
"3233",10,1,51,1,"grassy",1.4
"3234",10,1,51,1,"rancid",5.2
"3235",10,1,51,1,"painty",1.4
"3236",10,1,51,2,"potato",12.3
"3237",10,1,51,2,"buttery",0.8
"3238",10,1,51,2,"grassy",2
"3239",10,1,51,2,"rancid",2.7
"3240",10,1,51,2,"painty",0
"3241",10,1,52,1,"potato",0.4
"3242",10,1,52,1,"buttery",0
"3243",10,1,52,1,"grassy",0
"3244",10,1,52,1,"rancid",1.6
"3245",10,1,52,1,"painty",10.8
"3246",10,1,52,2,"potato",0
"3247",10,1,52,2,"buttery",0
"3248",10,1,52,2,"grassy",0
"3249",10,1,52,2,"rancid",4.6
"3250",10,1,52,2,"painty",11
"3251",10,1,63,1,"potato",6.5
"3252",10,1,63,1,"buttery",0
"3253",10,1,63,1,"grassy",0
"3254",10,1,63,1,"rancid",11.1
"3255",10,1,63,1,"painty",1.8
"3256",10,1,63,2,"potato",6.2
"3257",10,1,63,2,"buttery",0
"3258",10,1,63,2,"grassy",0
"3259",10,1,63,2,"rancid",8.8
"3260",10,1,63,2,"painty",2.6
"3261",10,1,78,1,"potato",1.2
"3262",10,1,78,1,"buttery",0.8
"3263",10,1,78,1,"grassy",0
"3264",10,1,78,1,"rancid",0
"3265",10,1,78,1,"painty",1.3
"3266",10,1,78,2,"potato",4.4
"3267",10,1,78,2,"buttery",0
"3268",10,1,78,2,"grassy",1.2
"3269",10,1,78,2,"rancid",0
"3270",10,1,78,2,"painty",6.2
"3271",10,1,86,1,"potato",0.7
"3272",10,1,86,1,"buttery",0
"3273",10,1,86,1,"grassy",0
"3274",10,1,86,1,"rancid",11.6
"3275",10,1,86,1,"painty",11.6
"3276",10,1,86,2,"potato",0.7
"3277",10,1,86,2,"buttery",0
"3278",10,1,86,2,"grassy",0
"3279",10,1,86,2,"rancid",14.3
"3280",10,1,86,2,"painty",13.1
"3281",10,2,10,1,"potato",10.7
"3282",10,2,10,1,"buttery",6.8
"3283",10,2,10,1,"grassy",2
"3284",10,2,10,1,"rancid",1.6
"3285",10,2,10,1,"painty",3.6
"3286",10,2,10,2,"potato",10.5
"3287",10,2,10,2,"buttery",6.5
"3288",10,2,10,2,"grassy",0
"3289",10,2,10,2,"rancid",8.4
"3290",10,2,10,2,"painty",0
"3291",10,2,15,1,"potato",4.8
"3292",10,2,15,1,"buttery",1.4
"3293",10,2,15,1,"grassy",0.3
"3294",10,2,15,1,"rancid",2.5
"3295",10,2,15,1,"painty",0.7
"3296",10,2,15,2,"potato",1.1
"3297",10,2,15,2,"buttery",0.1
"3298",10,2,15,2,"grassy",0.2
"3299",10,2,15,2,"rancid",8.3
"3300",10,2,15,2,"painty",3.2
"3301",10,2,16,1,"potato",4.2
"3302",10,2,16,1,"buttery",6
"3303",10,2,16,1,"grassy",1.2
"3304",10,2,16,1,"rancid",7.2
"3305",10,2,16,1,"painty",0.6
"3306",10,2,16,2,"potato",2.9
"3307",10,2,16,2,"buttery",3.5
"3308",10,2,16,2,"grassy",1.1
"3309",10,2,16,2,"rancid",9.3
"3310",10,2,16,2,"painty",2.1
"3311",10,2,19,1,"potato",7
"3312",10,2,19,1,"buttery",0
"3313",10,2,19,1,"grassy",1.7
"3314",10,2,19,1,"rancid",5.7
"3315",10,2,19,1,"painty",10.3
"3316",10,2,19,2,"potato",10.9
"3317",10,2,19,2,"buttery",0
"3318",10,2,19,2,"grassy",4.2
"3319",10,2,19,2,"rancid",5
"3320",10,2,19,2,"painty",10.9
"3321",10,2,31,1,"potato",4.6
"3322",10,2,31,1,"buttery",0
"3323",10,2,31,1,"grassy",0
"3324",10,2,31,1,"rancid",10.3
"3325",10,2,31,1,"painty",9.1
"3326",10,2,31,2,"potato",2.3
"3327",10,2,31,2,"buttery",0
"3328",10,2,31,2,"grassy",0
"3329",10,2,31,2,"rancid",10.3
"3330",10,2,31,2,"painty",10.2
"3331",10,2,51,1,"potato",11.3
"3332",10,2,51,1,"buttery",5.3
"3333",10,2,51,1,"grassy",0.8
"3334",10,2,51,1,"rancid",0
"3335",10,2,51,1,"painty",2.5
"3336",10,2,51,2,"potato",9.9
"3337",10,2,51,2,"buttery",5.7
"3338",10,2,51,2,"grassy",2.4
"3339",10,2,51,2,"rancid",1.7
"3340",10,2,51,2,"painty",5.4
"3341",10,2,52,1,"potato",0.3
"3342",10,2,52,1,"buttery",0
"3343",10,2,52,1,"grassy",0
"3344",10,2,52,1,"rancid",3.8
"3345",10,2,52,1,"painty",7.4
"3346",10,2,52,2,"potato",3.8
"3347",10,2,52,2,"buttery",0
"3348",10,2,52,2,"grassy",0
"3349",10,2,52,2,"rancid",10.7
"3350",10,2,52,2,"painty",6.4
"3351",10,2,63,1,"potato",8.6
"3352",10,2,63,1,"buttery",0.6
"3353",10,2,63,1,"grassy",0
"3354",10,2,63,1,"rancid",7.9
"3355",10,2,63,1,"painty",9.5
"3356",10,2,63,2,"potato",9
"3357",10,2,63,2,"buttery",0
"3358",10,2,63,2,"grassy",0
"3359",10,2,63,2,"rancid",6.7
"3360",10,2,63,2,"painty",10.7
"3361",10,2,78,1,"potato",5.2
"3362",10,2,78,1,"buttery",0
"3363",10,2,78,1,"grassy",0
"3364",10,2,78,1,"rancid",4.1
"3365",10,2,78,1,"painty",4.1
"3366",10,2,78,2,"potato",1.5
"3367",10,2,78,2,"buttery",0
"3368",10,2,78,2,"grassy",0
"3369",10,2,78,2,"rancid",1.1
"3370",10,2,78,2,"painty",2.4
"3371",10,2,86,1,"potato",2
"3372",10,2,86,1,"buttery",0
"3373",10,2,86,1,"grassy",0
"3374",10,2,86,1,"rancid",10.4
"3375",10,2,86,1,"painty",12.7
"3376",10,2,86,2,"potato",1
"3377",10,2,86,2,"buttery",0
"3378",10,2,86,2,"grassy",0
"3379",10,2,86,2,"rancid",11.2
"3380",10,2,86,2,"painty",11.6
"3381",10,3,10,1,"potato",11.3
"3382",10,3,10,1,"buttery",9.2
"3383",10,3,10,1,"grassy",0
"3384",10,3,10,1,"rancid",3.3
"3385",10,3,10,1,"painty",0
"3386",10,3,10,2,"potato",10
"3387",10,3,10,2,"buttery",5.4
"3388",10,3,10,2,"grassy",0
"3389",10,3,10,2,"rancid",5.4
"3390",10,3,10,2,"painty",1.9
"3391",10,3,15,1,"potato",2.5
"3392",10,3,15,1,"buttery",0.4
"3393",10,3,15,1,"grassy",0.1
"3394",10,3,15,1,"rancid",2.6
"3395",10,3,15,1,"painty",0.2
"3396",10,3,15,2,"potato",4.3
"3397",10,3,15,2,"buttery",3.3
"3398",10,3,15,2,"grassy",0
"3399",10,3,15,2,"rancid",2.1
"3400",10,3,15,2,"painty",0.3
"3401",10,3,16,1,"potato",3.9
"3402",10,3,16,1,"buttery",1.4
"3403",10,3,16,1,"grassy",1
"3404",10,3,16,1,"rancid",6.7
"3405",10,3,16,1,"painty",4.4
"3406",10,3,16,2,"potato",2.5
"3407",10,3,16,2,"buttery",0.7
"3408",10,3,16,2,"grassy",1.6
"3409",10,3,16,2,"rancid",6
"3410",10,3,16,2,"painty",1.3
"3411",10,3,19,1,"potato",9.1
"3412",10,3,19,1,"buttery",4
"3413",10,3,19,1,"grassy",0
"3414",10,3,19,1,"rancid",5.8
"3415",10,3,19,1,"painty",0
"3416",10,3,19,2,"potato",12.2
"3417",10,3,19,2,"buttery",0
"3418",10,3,19,2,"grassy",4.6
"3419",10,3,19,2,"rancid",9.3
"3420",10,3,19,2,"painty",11.8
"3421",10,3,31,1,"potato",6.5
"3422",10,3,31,1,"buttery",0
"3423",10,3,31,1,"grassy",0
"3424",10,3,31,1,"rancid",9.3
"3425",10,3,31,1,"painty",11.4
"3426",10,3,31,2,"potato",10.4
"3427",10,3,31,2,"buttery",0
"3428",10,3,31,2,"grassy",0
"3429",10,3,31,2,"rancid",5.7
"3430",10,3,31,2,"painty",0
"3431",10,3,51,1,"potato",8
"3432",10,3,51,1,"buttery",3.2
"3433",10,3,51,1,"grassy",0
"3434",10,3,51,1,"rancid",6.8
"3435",10,3,51,1,"painty",3.3
"3436",10,3,51,2,"potato",11.6
"3437",10,3,51,2,"buttery",2.4
"3438",10,3,51,2,"grassy",2
"3439",10,3,51,2,"rancid",0
"3440",10,3,51,2,"painty",0
"3441",10,3,52,1,"potato",1.2
"3442",10,3,52,1,"buttery",0.8
"3443",10,3,52,1,"grassy",0.2
"3444",10,3,52,1,"rancid",1.4
"3445",10,3,52,1,"painty",9
"3446",10,3,52,2,"potato",1.8
"3447",10,3,52,2,"buttery",0
"3448",10,3,52,2,"grassy",0
"3449",10,3,52,2,"rancid",2.6
"3450",10,3,52,2,"painty",9.3
"3451",10,3,63,1,"potato",7
"3452",10,3,63,1,"buttery",0
"3453",10,3,63,1,"grassy",0
"3454",10,3,63,1,"rancid",11.9
"3455",10,3,63,1,"painty",3.3
"3456",10,3,63,2,"potato",7
"3457",10,3,63,2,"buttery",0
"3458",10,3,63,2,"grassy",0
"3459",10,3,63,2,"rancid",11.4
"3460",10,3,63,2,"painty",7.3
"3461",10,3,78,1,"potato",3.7
"3462",10,3,78,1,"buttery",0
"3463",10,3,78,1,"grassy",0.9
"3464",10,3,78,1,"rancid",0
"3465",10,3,78,1,"painty",1.3
"3466",10,3,78,2,"potato",3.3
"3467",10,3,78,2,"buttery",0
"3468",10,3,78,2,"grassy",0
"3469",10,3,78,2,"rancid",2.5
"3470",10,3,78,2,"painty",1.4
"3471",10,3,86,1,"potato",2.5
"3472",10,3,86,1,"buttery",0
"3473",10,3,86,1,"grassy",0
"3474",10,3,86,1,"rancid",7
"3475",10,3,86,1,"painty",10.5
"3476",10,3,86,2,"potato",2.5
"3477",10,3,86,2,"buttery",0
"3478",10,3,86,2,"grassy",0
"3479",10,3,86,2,"rancid",8.2
"3480",10,3,86,2,"painty",9.4
